timestamp,target_x,target_y,raw_x,raw_y,smooth_x,smooth_y
1763246016.016187,0.08620898458921145,0.7344924813900566,0.0,0.0,0.0,0.0
1763246016.0494452,0.08620898458921145,0.7344924813900566,0.0,0.0,0.0,0.0
1763246016.0826898,0.08620898458921145,0.7344924813900566,0.0,0.0,0.0,0.0
1763246016.11592,0.08620898458921145,0.7344924813900566,0.0,0.0,0.0,0.0
1763246016.149228,0.08620898458921145,0.7344924813900566,0.0,0.0,0.0,0.0
1763246016.1825216,0.08620898458921145,0.7344924813900566,0.0,0.0,0.0,0.0
1763246016.2157834,0.08620898458921145,0.7344924813900566,0.0,0.0,0.0,0.0
1763246016.2490196,0.08620898458921145,0.7344924813900566,0.0,0.0,0.0,0.0
1763246016.2822907,0.08620898458921145,0.7344924813900566,0.0,0.0,0.0,0.0
1763246016.315462,0.08620898458921145,0.7344924813900566,0.0,0.0,0.0,0.0
1763246016.3486907,0.08620898458921145,0.7344924813900566,0.0,0.0,0.0,0.0
1763246016.3819182,0.08620898458921145,0.7344924813900566,0.0,0.0,0.0,0.0
1763246016.415152,0.08620898458921145,0.7344924813900566,0.0,0.0,0.0,0.0
1763246016.4504871,0.08620898458921145,0.7344924813900566,0.0,0.0,0.0,0.0
1763246016.4837453,0.08620898458921145,0.7344924813900566,0.0,0.0,0.0,0.0
1763246016.517093,0.08620898458921145,0.7344924813900566,0.0,0.0,0.0,0.0
1763246016.5505939,0.08620898458921145,0.7344924813900566,0.0,0.0,0.0,0.0
1763246016.5838478,0.08620898458921145,0.7344924813900566,0.0,0.0,0.0,0.0
1763246016.6184578,0.08620898458921145,0.7344924813900566,0.0,0.0,0.0,0.0
1763246016.6517076,0.08620898458921145,0.7344924813900566,0.0,0.0,0.0,0.0
1763246016.6849146,0.08620898458921145,0.7344924813900566,0.0,0.0,0.0,0.0
1763246016.718177,0.08620898458921145,0.7344924813900566,0.0,0.0,0.0,0.0
1763246016.7514496,0.08620898458921145,0.7344924813900566,0.0,0.0,0.0,0.0
1763246016.7865286,0.08620898458921145,0.7344924813900566,0.0,0.0,0.0,0.0
1763246016.819787,0.08620898458921145,0.7344924813900566,0.0,0.0,0.0,0.0
1763246016.8530326,0.08620898458921145,0.7344924813900566,0.0,0.0,0.0,0.0
1763246016.8863873,0.08620898458921145,0.7344924813900566,-0.11334196891191708,0.0,-0.08068084464398197,0.0
1763246016.919856,0.08620898458921145,0.7344924813900566,-0.2046130952380952,0.0,-0.17274068446097687,0.0
1763246016.9531631,0.08620898458921145,0.7344924813900566,-0.24181547619047616,0.0,-0.21926246280161607,0.0
1763246016.9863677,0.08620898458921145,0.7344924813900566,-0.4070881226053639,0.22030651340996163,-0.3686892650494616,0.1781403195377862
1763246017.020132,0.08620898458921145,0.7344924813900566,-0.4376899696048632,0.2836879432624113,-0.416019451116194,0.256032783298631
1763246017.0540073,0.08620898458921145,0.7344924813900566,-0.46104589114194233,0.45891141942369257,-0.4434739932038648,0.41970856467333717
1763246017.087561,0.08620898458921145,0.7344924813900566,-0.5085344320188346,0.4914655679811653,-0.48536149758092206,0.4695517827758958
1763246017.1231847,0.08620898458921145,0.7344924813900566,-0.5085344320188346,0.4914655679811653,-0.49772028469256524,0.4814491374334963
1763246017.1565807,0.08620898458921145,0.7344924813900566,-0.5085344320188346,0.4914655679811653,-0.5027653077982188,0.4861026225750233
1763246017.1899257,0.08620898458921145,0.7344924813900566,-0.5085344320188346,0.4914655679811653,-0.5052488660807499,0.48839816465269725
1763246017.2234087,0.08620898458921145,0.7344924813900566,-0.5085344320188346,0.4914655679811653,-0.5066006370811537,0.4896553126035931
1763246017.2570312,0.08620898458921145,0.7344924813900566,-0.48026681489716505,0.5197331851028348,-0.4931556248716268,0.5055609078054791
1763246017.2904766,0.08620898458921145,0.7344924813900566,-0.5085344320188346,0.4914655679811653,-0.5000873451960814,0.4993447418606638
1763246017.3237836,0.08620898458921145,0.7344924813900566,-0.5085344320188346,0.4914655679811653,-0.5038211561984147,0.4958955552544837
1763246017.357302,0.08620898458921145,0.7344924813900566,-0.5085344320188346,0.4914655679811653,-0.5058053261630737,0.4940402542671274
1763246017.3908367,0.08620898458921145,0.7344924813900566,-0.5085344320188346,0.4914655679811653,-0.5069157318000026,0.49299574689498177
1763246017.424273,0.08620898458921145,0.7344924813900566,-0.5085344320188346,0.4914655679811653,-0.5075607647465946,0.4923870413858221
1763246017.4590485,0.08620898458921145,0.7344924813900566,-0.5085344320188346,0.4914655679811653,-0.5079436809317781,0.4920250162561213
1763246017.4923818,0.08620898458921145,0.7344924813900566,-0.5085344320188346,0.4914655679811653,-0.5081743612624516,0.49180669576006164
1763246017.525569,0.08620898458921145,0.7344924813900566,-0.5085344320188346,0.4914655679811653,-0.5083143254903311,0.49167414585804664
1763246017.5587912,0.08620898458921145,0.7344924813900566,-0.5085344320188346,0.4914655679811653,-0.5083996412661487,0.4915933177249868
1763246017.5919728,0.08620898458921145,0.7344924813900566,-0.5085344320188346,0.4914655679811653,-0.5084517969270279,0.49154389362276224
1763246017.625181,0.08620898458921145,0.7344924813900566,-0.5085344320188346,0.4914655679811653,-0.5084837374162801,0.49151362151593536
1763246017.6584291,0.08620898458921145,0.7344924813900566,-0.5085344320188346,0.4914655679811653,-0.5085033192721289,0.49149506083285416
1763246017.691649,0.08620898458921145,0.7344924813900566,-0.5085344320188346,0.4914655679811653,-0.5085153324037925,0.49148367354719774
1763246017.72496,0.08620898458921145,0.7344924813900566,-0.48026681489716505,0.5197331851028348,-0.4937964645599493,0.506203194459194
1763246017.758183,0.08620898458921145,0.7344924813900566,-0.5085344320188346,0.4914655679811653,-0.5003724038453697,0.49962744540361503
1763246017.7913957,0.08620898458921145,0.7344924813900566,-0.5085344320188346,0.4914655679811653,-0.5039641171453886,0.49603580769878536
1763246017.8248868,0.08620898458921145,0.7344924813900566,-0.5085344320188346,0.4914655679811653,-0.5058833170346781,0.49411664200382743
1763246017.8582149,0.08620898458921145,0.7344924813900566,-0.48026681489716505,0.5197331851028348,-0.49287447970403964,0.5071255057292798
1763246017.891977,0.08620898458921145,0.7344924813900566,-0.5085344320188346,0.4914655679811653,-0.49995051143170666,0.5000494822663825
1763246017.9252782,0.08620898458921145,0.7344924813900566,-0.5085344320188346,0.4914655679811653,-0.5037521819194437,0.49624781497377307
1763246017.9586356,0.08620898458921145,0.7344924813900566,-0.48026681489716505,0.5197331851028348,-0.4920859081467178,0.5079140907139383
1763246017.9918592,0.08620898458921145,0.7344924813900566,-0.5085344320188346,0.4914655679811653,-0.4996309275094283,0.5003690720106244
1763246018.02522,0.08620898458921145,0.7344924813900566,-0.5085344320188346,0.4914655679811653,-0.5035964545575633,0.49640354520828106
1763246018.0586772,0.08620898458921145,0.7344924813900566,-0.5085344320188346,0.4914655679811653,-0.505683921261803,0.4943160786119123
1763246018.0920913,0.08620898458921145,0.7344924813900566,-0.48026681489716505,0.5197331851028348,-0.49281004963847175,0.5071899503164772
1763246018.1255076,0.08620898458921145,0.7344924813900566,-0.48026681489716505,0.5197331851028348,-0.48691598645843115,0.5130840135216133
1763246018.1593623,0.08620898458921145,0.7344924813900566,-0.5085344320188346,0.4914655679811653,-0.49738522437070487,0.50261477562172
1763246018.1927006,0.08620898458921145,0.7344924813900566,-0.5085344320188346,0.4914655679811653,-0.5025151634451079,0.4974848365514134
1763246018.2259245,0.08620898458921145,0.7344924813900566,-0.48026681489716505,0.5197331851028348,-0.4916148026624305,0.5083851973362731
1763246018.2591496,0.08620898458921145,0.7344924813900566,-0.5085344320188346,0.4914655679811653,-0.49943167229319274,0.5005683277062688
1763246018.2923656,0.08620898458921145,0.7344924813900566,-0.5085344320188346,0.4914655679811653,-0.5035011188516081,0.496498881148131
1763246018.3266437,0.08620898458921145,0.7344924813900566,-0.5085344320188346,0.4914655679811653,-0.5056294543851582,0.4943705456147012
1763246018.3600266,0.08620898458921145,0.7344924813900566,-0.5085344320188346,0.4914655679811653,-0.5068153198566696,0.49318468014325034
1763246018.3934598,0.08620898458921145,0.7344924813900566,-0.48026681489716505,0.5197331851028348,-0.4932153898883258,0.506784610111646
1763246018.427126,0.08620898458921145,0.7344924813900566,-0.5085344320188346,0.4914655679811653,-0.5001036015269402,0.4998963984730474
1763246018.4606073,0.08620898458921145,0.7344924813900566,-0.5085344320188346,0.4914655679811653,-0.50382636493295,0.4961736350670438
1763246018.4950516,0.08620898458921145,0.7344924813900566,-0.5085344320188346,0.4914655679811653,-0.5058046545897665,0.49419534541023014
1763246018.52832,0.08620898458921145,0.7344924813900566,-0.48026681489716505,0.5197331851028348,-0.49283974378985995,0.5071602562101387
1763246018.5615187,0.08620898458921145,0.7344924813900566,-0.5085344320188346,0.4914655679811653,-0.4999546278692946,0.5000453721307048
1763246018.5947351,0.08620898458921145,0.7344924813900566,-0.5085344320188346,0.4914655679811653,-0.5037570434218106,0.49624295657818907
1763246018.6279485,0.08620898458921145,0.7344924813900566,-0.48026681489716505,0.5197331851028348,-0.49207883461862734,0.5079211653813724
1763246018.661298,0.08620898458921145,0.7344924813900566,-0.48026681489716505,0.5197331851028348,-0.48658413447949367,0.5134158655205061
1763246018.6944838,0.08620898458921145,0.7344924813900566,-0.5085344320188346,0.4914655679811653,-0.4972991669637471,0.5027008330362528
1763246018.72766,0.08620898458921145,0.7344924813900566,-0.6175839885632595,0.3824160114367405,-0.5845229608462097,0.41547703915379025
1763246018.7608774,0.08620898458921145,0.7344924813900566,-0.6651270207852195,0.33487297921478054,-0.64009161707312,0.35990838292688
1763246018.7941277,0.08620898458921145,0.7344924813900566,-0.6651270207852195,0.33487297921478054,-0.6540245238176615,0.3459754761823385
1763246018.8274906,0.08620898458921145,0.7344924813900566,-0.6651270207852195,0.33487297921478054,-0.6592673717951731,0.34073262820482675
1763246018.8609037,0.08620898458921145,0.7344924813900566,-0.5763842561707806,0.42361574382921946,-0.6046111351288989,0.3953888648711012
1763246018.894245,0.08620898458921145,0.7344924813900566,-0.5763842561707806,0.42361574382921946,-0.5888364881722687,0.41116351182773136
1763246018.9274693,0.08620898458921145,0.7344924813900566,-0.5403377110694184,0.4596622889305816,-0.5596812521361044,0.4403187478638956
1763246018.9608185,0.08620898458921145,0.7344924813900566,-0.5085344320188346,0.4914655679811653,-0.5283563194026295,0.47164368059737044
1763246018.99416,0.08620898458921145,0.7344924813900566,-0.48026681489716505,0.5197331851028348,-0.49919337808391534,0.5008066219160846
1763246019.0274818,0.08620898458921145,0.7344924813900566,-0.5085344320188346,0.4914655679811653,-0.5028902140465451,0.4971097859534548
1763246019.0606544,0.08620898458921145,0.7344924813900566,-0.5085344320188346,0.4914655679811653,-0.5052609164049642,0.4947390835950357
1763246019.0938666,0.08620898458921145,0.7344924813900566,-0.48026681489716505,0.5197331851028348,-0.49262131894020234,0.5073786810597976
1763246019.127271,0.08620898458921145,0.7344924813900566,-0.5085344320188346,0.4914655679811653,-0.49984983568428754,0.5001501643157124
1763246019.1605866,0.08620898458921145,0.7344924813900566,-0.5085344320188346,0.4914655679811653,-0.5037032954213756,0.4962967045786243
1763246019.1942577,0.08620898458921145,0.7344924813900566,-0.5085344320188346,0.4914655679811653,-0.505740799500721,0.49425920049927896
1763246019.2274814,0.08620898458921145,0.7344924813900566,-0.48026681489716505,0.5197331851028348,-0.49281520291286673,0.5071847970871333
1763246019.260716,0.08620898458921145,0.7344924813900566,-0.5085344320188346,0.4914655679811653,-0.4999425082267668,0.5000574917732331
1763246019.2939475,0.08620898458921145,0.7344924813900566,-0.5085344320188346,0.4914655679811653,-0.503750753909395,0.49624924609060495
1763246019.3272545,0.08620898458921145,0.7344924813900566,-0.5085344320188346,0.4914655679811653,-0.5057680291028108,0.4942319708971892
1763246019.360701,0.08620898458921145,0.7344924813900566,-0.5085344320188346,0.4914655679811653,-0.5068946001554502,0.4931053998445498
1763246019.394066,0.08620898458921145,0.7344924813900566,-0.5085344320188346,0.4914655679811653,-0.5075483735973806,0.4924516264026194
1763246019.4274116,0.08620898458921145,0.7344924813900566,-0.5085344320188346,0.4914655679811653,-0.5079364989246874,0.49206350107531255
1763246019.4611695,0.08620898458921145,0.7344924813900566,-0.48026681489716505,0.5197331851028348,-0.4936354014847145,0.5063645985152854
1763246019.4944506,0.08620898458921145,0.7344924813900566,-0.48026681489716505,0.5197331851028348,-0.4872783256208988,0.5127216743791011
1763246019.5276759,0.08620898458921145,0.7344924813900566,-0.5085344320188346,0.4914655679811653,-0.49756002933287885,0.5024399706671211
1763246019.5609906,0.08620898458921145,0.7344924813900566,-0.5085344320188346,0.4914655679811653,-0.5025998989751852,0.4974001010248148
1763246019.5942008,0.08620898458921145,0.7344924813900566,-0.5085344320188346,0.4914655679811653,-0.5051539218028743,0.49484607819712567
1763246019.6274595,0.08620898458921145,0.7344924813900566,-0.48703494926719276,0.4284103720405862,-0.49654044943865594,0.45275873057417937
1763246019.6607382,0.08620898458921145,0.7344924813900566,-0.46104589114194233,0.24546424759871927,-0.4768591502284435,0.2856701014319788
1763246019.694046,0.08620898458921145,0.7344924813900566,-0.39742410303587855,0.16559337626494938,-0.4238526142513592,0.19511965060808442
1763246019.7272835,0.08620898458921145,0.7344924813900566,-0.37994722955145116,0.11433597185576075,-0.3972774634782793,0.13896082451768954
1763246019.7605913,0.08620898458921145,0.7344924813900566,-0.37994722955145116,0.11433597185576075,-0.38846487497089593,0.12525162654984257
1763246019.795945,0.08620898458921145,0.7344924813900566,-0.37994722955145116,0.0,-0.38464092331035205,0.034458343794923706
1763246019.8291728,0.08620898458921145,0.7344924813900566,-0.37994722955145116,0.0,-0.3826595984756004,0.01397369253351802
1763246019.8624773,0.08620898458921145,0.7344924813900566,-0.37994722955145116,0.0,-0.38155552132966253,0.007090522470572612
1763246019.8958266,0.08620898458921145,0.7344924813900566,-0.36394271272114576,0.0,-0.373103745971227,0.003959895383891256
1763246019.9292412,0.08620898458921145,0.7344924813900566,-0.36394271272114576,0.0,-0.368983640707682,0.002309199099122195
1763246019.9626715,0.08620898458921145,0.7344924813900566,-0.335971855760774,0.0,-0.3510489477107427,0.001376457313647123
1763246019.9960525,0.08620898458921145,0.7344924813900566,-0.3218197135636057,0.0,-0.335227580513359,0.0008304710396328976
1763246023.078759,-0.5844162116476275,-0.6475988079717525,-0.18344883815735832,-0.3974724826742764,-0.18617237530205977,-0.3981167405791822
1763246023.1120996,-0.5844162116476275,-0.6475988079717525,-0.18344883815735832,-0.3974724826742764,-0.18506407007815473,-0.39786490478491476
1763246023.145377,-0.5844162116476275,-0.6475988079717525,-0.18344883815735832,-0.3974724826742764,-0.1844203650898453,-0.39771226822815287
1763246023.1786857,-0.5844162116476275,-0.6475988079717525,-0.1487462813429664,-0.4143646408839779,-0.16486242189930536,-0.4055918288265612
1763246023.2135587,-0.5844162116476275,-0.6475988079717525,-0.1487462813429664,-0.4143646408839779,-0.1569722631022421,-0.4094955399193357
1763246023.247036,-0.5844162116476275,-0.6475988079717525,-0.1487462813429664,-0.4143646408839779,-0.1532987259814657,-0.41155170357026255
1763246023.2819397,-0.5844162116476275,-0.6475988079717525,-0.1487462813429664,-0.4143646408839779,-0.15138761228800834,-0.41269632779577087
1763246023.3153014,-0.5844162116476275,-0.6475988079717525,-0.1487462813429664,-0.4143646408839779,-0.1503144804895164,-0.4133616617955426
1763246023.3486602,-0.5844162116476275,-0.6475988079717525,-0.11096316023080333,-0.43275632490013316,-0.12825719496481564,-0.4228015337438251
1763246023.3818755,-0.5844162116476275,-0.6475988079717525,-0.11096316023080333,-0.43275632490013316,-0.11961279824398888,-0.4273304955726376
1763246023.4151797,-0.5844162116476275,-0.6475988079717525,-0.11096316023080333,-0.43275632490013316,-0.11571558611642868,-0.4296469045104472
1763246023.448647,-0.5844162116476275,-0.6475988079717525,-0.11096316023080333,-0.43275632490013316,-0.11370766452577054,-0.43092152920309995
1763246023.4819975,-0.5844162116476275,-0.6475988079717525,-0.11096316023080333,-0.43275632490013316,-0.11258991085890774,-0.43165583491256787
1763246023.5152962,-0.5844162116476275,-0.6475988079717525,-0.11096316023080333,-0.43275632490013316,-0.11194143834120486,-0.4320899987496061
1763246023.5485816,-0.5844162116476275,-0.6475988079717525,0.0,-0.4528564793311658,-0.03239030428836503,-0.4423134706709109
1763246023.5818603,-0.5844162116476275,-0.6475988079717525,0.0,-0.4528564793311658,-0.01345758026219419,-0.4471480401776557
1763246023.6151793,-0.5844162116476275,-0.6475988079717525,0.0,-0.4528564793311658,-0.00688668011571518,-0.449596749468864
1763246023.6484993,-0.5844162116476275,-0.6475988079717525,0.0,-0.4528564793311658,-0.0038578939209435756,-0.45093698106705965
1763246023.681774,-0.5844162116476275,-0.6475988079717525,0.0,-0.4528564793311658,-0.0022525361443491054,-0.4517065179965165
1763246023.7150404,-0.5844162116476275,-0.6475988079717525,0.0,-0.4749147588894301,-0.0013435096210112024,-0.4633803482442024
1763246023.7482827,-0.5844162116476275,-0.6475988079717525,0.0,-0.4528564793311658,-0.0008108790187129377,-0.45887965722255986
1763246023.7814794,-0.5844162116476275,-0.6475988079717525,0.0,-0.4528564793311658,-0.0004927926397576536,-0.45631212962024403
1763246023.8147001,-0.5844162116476275,-0.6475988079717525,0.0,-0.4528564793311658,-0.0003007189168026705,-0.4548886791166238
1763246023.8479354,-0.5844162116476275,-0.6475988079717525,0.0,-0.4528564793311658,-0.0001839652605753541,-0.45407237079099416
1763246023.8845687,-0.5844162116476275,-0.6475988079717525,0.0,-0.4528564793311658,-0.00011273002826225614,-0.4535923930303899
1763246023.9179003,-0.5844162116476275,-0.6475988079717525,0.0,-0.4749147588894301,-6.9132174899897e-05,-0.4641010339995295
1763246023.9512093,-0.5844162116476275,-0.6475988079717525,0.0,-0.4749147588894301,-4.241854590971679e-05,-0.4690740901947615
1763246023.984483,-0.5844162116476275,-0.6475988079717525,0.0,-0.4749147588894301,-2.6036300507013617e-05,-0.47158504171957016
1763246024.0177286,-0.5844162116476275,-0.6475988079717525,0.0,-0.4749147588894301,-1.59843192434951e-05,-0.4729559613405042
1763246024.0516157,-0.5844162116476275,-0.6475988079717525,0.0,-0.4749147588894301,-9.81446380599373e-06,-0.47374145821413727
1763246024.0848947,-0.5844162116476275,-0.6475988079717525,0.0,-0.4749147588894301,-6.026601397584079e-06,-0.47420499262023835
1763246024.1181304,-0.5844162116476275,-0.6475988079717525,0.0,-0.4749147588894301,-3.700832010991049e-06,-0.47448284212731906
1763246024.151453,-0.5844162116476275,-0.6475988079717525,0.0,-0.49923195084485406,-2.272685386397186e-06,-0.48705803125576275
1763246024.184709,-0.5844162116476275,-0.6475988079717525,0.0,-0.49923195084485406,-1.395684430989487e-06,-0.49276438382316046
1763246024.2179668,-0.5844162116476275,-0.6475988079717525,0.0,-0.49923195084485406,-8.571168937157552e-07,-0.49557507075972285
1763246024.2513025,-0.5844162116476275,-0.6475988079717525,0.0,-0.49923195084485406,-5.263757822323251e-07,-0.4970897186633484
1763246024.284637,-0.5844162116476275,-0.6475988079717525,0.0,-0.49923195084485406,-3.232612098179311e-07,-0.4979522132559627
1763246024.3182206,-0.5844162116476275,-0.6475988079717525,0.08094981111710743,-0.526173772261198,0.05336768454412765,-0.5126712081939078
1763246024.3514407,-0.5844162116476275,-0.6475988079717525,0.08094981111710743,-0.526173772261198,0.06873326247310962,-0.5191119131116704
1763246024.3847394,-0.5844162116476275,-0.6475988079717525,0.08094981111710743,-0.526173772261198,0.07456577478957088,-0.5222113994167854
1763246024.4179826,-0.5844162116476275,-0.6475988079717525,0.14261266400456366,-0.5561893896177981,0.11810920989405485,-0.5407692491773868
1763246024.4512095,-0.5844162116476275,-0.6475988079717525,0.14261266400456366,-0.5561893896177981,0.13140225755434065,-0.5483173386172613
1763246024.4863844,-0.5844162116476275,-0.6475988079717525,0.2897617514488088,-0.6278171281390856,0.2515586384138076,-0.600392083759642
1763246024.5195827,-0.5844162116476275,-0.6475988079717525,0.2897617514488088,-0.6278171281390856,0.2750549931870542,-0.615631164854669
1763246024.5527713,-0.5844162116476275,-0.6475988079717525,0.3451981195433177,-0.6548018804566823,0.3210692093342701,-0.6381583002499416
1763246024.5859714,-0.5844162116476275,-0.6475988079717525,0.3451981195433177,-0.6548018804566823,0.3342196234578029,-0.6464785252358407
1763246024.6191933,-0.5844162116476275,-0.6475988079717525,0.3451981195433177,-0.6548018804566823,0.3393759584298706,-0.6502162710449158
1763246024.6524081,-0.5844162116476275,-0.6475988079717525,0.3451981195433177,-0.6548018804566823,0.34188756053505864,-0.652149398367381
1763246024.6857116,-0.5844162116476275,-0.6475988079717525,0.3451981195433177,-0.6548018804566823,0.34325084422122604,-0.6532279748985805
1763246024.7188976,-0.5844162116476275,-0.6475988079717525,0.3451981195433177,-0.6548018804566823,0.3440320726011301,-0.6538547989610406
1763246024.752127,-0.5844162116476275,-0.6475988079717525,0.3864065449968534,-0.6135934550031467,0.36818305030928633,-0.6312482847112457
1763246024.7853627,-0.5844162116476275,-0.6475988079717525,0.3451981195433177,-0.6548018804566823,0.3572479405884217,-0.6425529873606207
1763246024.8219068,-0.5844162116476275,-0.6475988079717525,0.3451981195433177,-0.6548018804566823,0.3517278376309696,-0.6481824750201342
1763246024.8551373,-0.5844162116476275,-0.6475988079717525,0.3864065449968534,-0.6135934550031467,0.37038264255927283,-0.6295918771896754
1763246024.8884275,-0.5844162116476275,-0.6475988079717525,0.3451981195433177,-0.6548018804566823,0.35801590347108425,-0.641975771818917
1763246024.9216354,-0.5844162116476275,-0.6475988079717525,0.3864065449968534,-0.6135934550031467,0.3725272187847397,-0.6274702959296783
1763246024.954883,-0.5844162116476275,-0.6475988079717525,0.3451981195433177,-0.6548018804566823,0.35875025849808506,-0.6412489969089592
1763246024.9881737,-0.5844162116476275,-0.6475988079717525,0.3451981195433177,-0.6548018804566823,0.3523222398848101,-0.6476774514267052
1763246025.0214462,-0.5844162116476275,-0.6475988079717525,0.3451981195433177,-0.6548018804566823,0.34919595170132517,-0.6508038931596591
1763246025.0546575,-0.5844162116476275,-0.6475988079717525,0.3451981195433177,-0.6548018804566823,0.34752966777274846,-0.6524702466980397
1763246025.0890265,-0.5844162116476275,-0.6475988079717525,0.3864065449968534,-0.6135934550031467,0.36896989591770035,-0.6310300801782938
1763246025.1223543,-0.5844162116476275,-0.6475988079717525,0.3864065449968534,-0.6135934550031467,0.3776640446240169,-0.6223359462075481
1763246025.1557524,-0.5844162116476275,-0.6475988079717525,0.3451981195433177,-0.6548018804566823,0.36062162616475535,-0.639378371216403
1763246025.1891766,-0.5844162116476275,-0.6475988079717525,0.3451981195433177,-0.6548018804566823,0.3531324687736713,-0.6468675301853022
1763246025.2226417,-0.5844162116476275,-0.6475988079717525,0.3451981195433177,-0.6548018804566823,0.3496056914581359,-0.6503943080300723
1763246025.2559695,-0.5844162116476275,-0.6475988079717525,0.3864065449968534,-0.6135934550031467,0.3697036241960729,-0.6302963756630143
1763246025.2891893,-0.5844162116476275,-0.6475988079717525,0.3451981195433177,-0.6548018804566823,0.35776997766696317,-0.6422300222862487
1763246025.322577,-0.5844162116476275,-0.6475988079717525,0.3451981195433177,-0.6548018804566823,0.3518978032170632,-0.6481021967626533
1763246025.3559494,-0.5844162116476275,-0.6475988079717525,0.3864065449968534,-0.6135934550031467,0.3703913520075687,-0.6296086479867959
1763246025.3895197,-0.5844162116476275,-0.6475988079717525,0.3864065449968534,-0.6135934550031467,0.37823215492254747,-0.6217678450752471
1763246025.4229097,-0.5844162116476275,-0.6475988079717525,0.3864065449968534,-0.6135934550031467,0.38188143208488107,-0.6181185679140431
1763246025.4563382,-0.5844162116476275,-0.6475988079717525,0.3864065449968534,-0.6135934550031467,0.38378504193072677,-0.6162149580686885
1763246025.4896903,-0.5844162116476275,-0.6475988079717525,0.3864065449968534,-0.6135934550031467,0.38485016269324207,-0.6151498373064228
1763246025.5230393,-0.5844162116476275,-0.6475988079717525,0.3451981195433177,-0.6548018804566823,0.3627036054840541,-0.6372963945158538
1763246025.5562298,-0.5844162116476275,-0.6475988079717525,0.3864065449968534,-0.6135934550031467,0.3741124081329011,-0.6258875918670671
1763246025.589477,-0.5844162116476275,-0.6475988079717525,0.3451981195433177,-0.6548018804566823,0.3592438670515871,-0.6407561329484033
1763246025.6227524,-0.5844162116476275,-0.6475988079717525,0.3451981195433177,-0.6548018804566823,0.3525281326639283,-0.6474718673360678
1763246025.656253,-0.5844162116476275,-0.6475988079717525,0.3864065449968534,-0.6135934550031467,0.37055293710305165,-0.6294470628969473
1763246025.6896322,-0.5844162116476275,-0.6475988079717525,0.3864065449968534,-0.6135934550031467,0.3782997909050434,-0.6217002090949562
1763246025.7229962,-0.5844162116476275,-0.6475988079717525,0.3451981195433177,-0.6548018804566823,0.36080352359841883,-0.6391964764015811
1763246025.7562144,-0.5844162116476275,-0.6475988079717525,0.3451981195433177,-0.6548018804566823,0.3531982873372102,-0.6468017126627897
1763246025.7895403,-0.5844162116476275,-0.6475988079717525,0.3864065449968534,-0.6135934550031467,0.3707732357732212,-0.6292267642267788
1763246025.822775,-0.5844162116476275,-0.6475988079717525,0.3864065449968534,-0.6135934550031467,0.3783951326559013,-0.6216048673440988
1763246025.8578181,-0.5844162116476275,-0.6475988079717525,0.3864065449968534,-0.6135934550031467,0.3819473279939115,-0.6180526720060886
1763246025.891032,-0.5844162116476275,-0.6475988079717525,0.3864065449968534,-0.6135934550031467,0.383820288838714,-0.6161797111612861
1763246025.9243648,-0.5844162116476275,-0.6475988079717525,0.3451981195433177,-0.6548018804566823,0.36241543522969877,-0.6375845647703012
1763246025.9576812,-0.5844162116476275,-0.6475988079717525,0.3864065449968534,-0.6135934550031467,0.3740030426110875,-0.6259969573889125
1763246025.9909463,-0.5844162116476275,-0.6475988079717525,0.3864065449968534,-0.6135934550031467,0.37978227257427244,-0.6202177274257277
1763246026.026496,-0.5844162116476275,-0.6475988079717525,0.3864065449968534,-0.6135934550031467,0.3826488188108395,-0.6173511811891605
1763246026.059905,-0.5844162116476275,-0.6475988079717525,0.3451981195433177,-0.6548018804566823,0.36208705104202676,-0.6379129489579733
1763246026.093319,-0.5844162116476275,-0.6475988079717525,0.3451981195433177,-0.6548018804566823,0.3537141747037741,-0.646285825296226
1763246026.126718,-0.5844162116476275,-0.6475988079717525,0.3864065449968534,-0.6135934550031467,0.37091380113076267,-0.6290861988692373
1763246026.1601243,-0.5844162116476275,-0.6475988079717525,0.3864065449968534,-0.6135934550031467,0.37844465716882814,-0.621555342831172
1763246026.1936257,-0.5844162116476275,-0.6475988079717525,0.3864065449968534,-0.6135934550031467,0.38198509339316833,-0.6180149066068317
1763246026.2271445,-0.5844162116476275,-0.6475988079717525,0.3864065449968534,-0.6135934550031467,0.3838411449329059,-0.6161588550670941
1763246026.2605076,-0.5844162116476275,-0.6475988079717525,0.3864065449968534,-0.6135934550031467,0.3848823031632198,-0.6151176968367802
1763246026.293864,-0.5844162116476275,-0.6475988079717525,0.3327283726557774,-0.5898366606170599,0.3538577506766837,-0.6021890134397281
1763246026.3272913,-0.5844162116476275,-0.6475988079717525,0.2897617514488088,-0.6278171281390856,0.31279285761027453,-0.6149157245004528
1763246026.3607364,-0.5844162116476275,-0.6475988079717525,0.3327283726557774,-0.5898366606170599,0.3216090562141725,-0.6024671061586381
1763246026.394219,-0.5844162116476275,-0.6475988079717525,0.25670279520821454,-0.5561893896177981,0.28113586873892393,-0.5752606811652397
1763246026.428518,-0.5844162116476275,-0.6475988079717525,0.25670279520821454,-0.5561893896177981,0.26803739181313563,-0.5655412057062958
1763246026.4618816,-0.5844162116476275,-0.6475988079717525,0.21173623714458564,-0.5898366606170599,0.23326279700727837,-0.5774826787820839
1763246026.4952748,-0.5844162116476275,-0.6475988079717525,0.25670279520821454,-0.5561893896177981,0.2441899303799061,-0.5672364331847906
1763246026.5294805,-0.5844162116476275,-0.6475988079717525,0.25670279520821454,-0.5561893896177981,0.24997631464980458,-0.5621787063992052
1763246026.5629866,-0.5844162116476275,-0.6475988079717525,0.21173623714458564,-0.5898366606170599,0.22899954324198457,-0.5763191342225172
1763246026.596418,-0.5844162116476275,-0.6475988079717525,0.21173623714458564,-0.5898366606170599,0.22041654241239597,-0.5827402839920628
1763246026.629744,-0.5844162116476275,-0.6475988079717525,0.3327283726557774,-0.5898366606170599,0.29974954056405506,-0.5858537567237431
1763246026.663007,-0.5844162116476275,-0.6475988079717525,0.25670279520821454,-0.5561893896177981,0.27734098772586246,-0.5703783583314728
1763246026.696229,-0.5844162116476275,-0.6475988079717525,0.21173623714458564,-0.5898366606170599,0.23549286208855585,-0.579499248636364
1763246026.7295651,-0.5844162116476275,-0.6475988079717525,0.25670279520821454,-0.5561893896177981,0.24503359973686573,-0.5680070247291462
1763246026.76286,-0.5844162116476275,-0.6475988079717525,0.21173623714458564,-0.5898366606170599,0.22726369416041972,-0.5785636885660324
1763246026.796199,-0.5844162116476275,-0.6475988079717525,0.2897617514488088,-0.6278171281390856,0.2654773933554755,-0.6078879471814256
1763246026.8294153,-0.5844162116476275,-0.6475988079717525,0.3947979563399907,-0.4528564793311658,0.3613685062146179,-0.49120702562118734
1763246026.8628502,-0.5844162116476275,-0.6475988079717525,0.3947979563399907,-0.4528564793311658,0.38130668106611065,-0.46771221204874514
1763246026.8963482,-0.5844162116476275,-0.6475988079717525,0.36531904529956166,-0.4749147588894301,0.3743496756758109,-0.47053004473295923
1763246026.9297068,-0.5844162116476275,-0.6475988079717525,0.4627374573794447,-0.4749147588894301,0.4337106569904474,-0.4723318670455646
1763246026.9644773,-0.5844162116476275,-0.6475988079717525,0.3947979563399907,-0.4528564793311658,0.4138688636519685,-0.4629871705256732
1763246026.997967,-0.5844162116476275,-0.6475988079717525,0.3947979563399907,-0.4528564793311658,0.40436414497190837,-0.45838431300962235
1763246027.0314846,-0.5844162116476275,-0.6475988079717525,0.3947979563399907,-0.4528564793311658,0.40001633065288106,-0.45602288984792355
1763246027.06499,-0.5844162116476275,-0.6475988079717525,0.3947979563399907,-0.4528564793311658,0.3977955262852224,-0.45472382857689453
1763246030.1427372,0.469522954242682,0.28415343738886145,-0.17386984600099348,0.4148037754595131,-0.17402039726805657,0.4143865597202035
1763246030.175977,0.469522954242682,0.28415343738886145,-0.17386984600099348,0.4148037754595131,-0.17396212487579454,0.4145489252243991
1763246030.2116563,0.469522954242682,0.28415343738886145,-0.11831519167061046,0.395172740179839,-0.1408064901359994,0.40525672978626925
1763246030.244857,0.469522954242682,0.28415343738886145,-0.17386984600099348,0.4148037754595131,-0.15775701275644996,0.4093293500216852
1763246030.278045,0.469522954242682,0.28415343738886145,-0.17386984600099348,0.4148037754595131,-0.16560539784658848,0.4116459487924273
1763246030.3113143,0.469522954242682,0.28415343738886145,-0.17386984600099348,0.4148037754595131,-0.1692964980139341,0.4129398978328857
1763246030.3445537,0.469522954242682,0.28415343738886145,-0.17386984600099348,0.4148037754595131,-0.17122238041393995,0.4136861837792133
1763246030.3795779,0.469522954242682,0.28415343738886145,-0.17386984600099348,0.4148037754595131,-0.1722966910453167,0.4141268699782733
1763246030.412773,0.469522954242682,0.28415343738886145,-0.17386984600099348,0.4148037754595131,-0.17292301864238996,0.41439165401085487
1763246030.4461095,0.469522954242682,0.28415343738886145,-0.17386984600099348,0.4148037754595131,-0.17329540891187104,0.4145520160437848
1763246030.4795601,0.469522954242682,0.28415343738886145,-0.17386984600099348,0.4148037754595131,-0.17351965770834527,0.41464966082474086
1763246030.5127623,0.469522954242682,0.28415343738886145,-0.17386984600099348,0.4148037754595131,-0.17365575388313753,0.41470931687341706
1763246030.546011,0.469522954242682,0.28415343738886145,-0.23523261892315728,0.43648719289074744,-0.21184790886035815,0.42550936335301803
1763246030.579241,0.469522954242682,0.28415343738886145,-0.23523261892315728,0.43648719289074744,-0.22434458541166746,0.43057304531379237
1763246030.612465,0.469522954242682,0.28415343738886145,-0.3210741389375364,0.42907180385288957,-0.2915634810906911,0.42998993024112697
1763246030.6463208,0.469522954242682,0.28415343738886145,-0.3033645890788747,0.4605626034197462,-0.29759030566229483,0.4461329152882002
1763246030.6795106,0.469522954242682,0.28415343738886145,-0.3033645890788747,0.4605626034197462,-0.30011999132359635,0.4530911781029997
1763246030.7128084,0.469522954242682,0.28415343738886145,-0.37945125510799754,0.4874489200233508,-0.3524725873451512,0.4720365025952141
1763246030.746114,0.469522954242682,0.28415343738886145,-0.41367898510755646,0.4605626034197462,-0.39185556563306395,0.4671851532173125
1763246030.779465,0.469522954242682,0.28415343738886145,-0.41367898510755646,0.4605626034197462,-0.403502624642999,0.46434634403053743
1763246030.8128674,0.469522954242682,0.28415343738886145,-0.41367898510755646,0.4605626034197462,-0.4082205440669119,0.4627799022543646
1763246030.8463216,0.469522954242682,0.28415343738886145,-0.495703899537343,0.48578982154659617,-0.46728353567961867,0.47422944314235294
1763246030.879836,0.469522954242682,0.28415343738886145,-0.49620548744891996,0.4874489200233508,-0.48360421327080166,0.48046129405688354
1763246030.9132147,0.469522954242682,0.28415343738886145,-0.41367898510755646,0.4605626034197462,-0.4398456312203729,0.47095204971560356
1763246030.9464774,0.469522954242682,0.28415343738886145,-0.37945125510799754,0.4874489200233508,-0.4013662595260331,0.47856889660458113
1763246030.9830384,0.469522954242682,0.28415343738886145,-0.37945125510799754,0.4874489200233508,-0.3898471703738719,0.48249209548834027
1763246031.016935,0.469522954242682,0.28415343738886145,-0.37945125510799754,0.4874489200233508,-0.38503916892531265,0.4845836800387545
1763246031.0504625,0.469522954242682,0.28415343738886145,-0.3033645890788747,0.4605626034197462,-0.330766195302135,0.4725568505453677
1763246031.0838094,0.469522954242682,0.28415343738886145,-0.4378283712784588,0.42907180385288957,-0.40419190536502114,0.4472925538408853
1763246031.117258,0.469522954242682,0.28415343738886145,-0.33978044955567166,0.43648719289074744,-0.3659780273804143,0.44215176642802567
1763246031.1506183,0.469522954242682,0.28415343738886145,-0.3033645890788747,0.4605626034197462,-0.3260531320401881,0.45081691994361683
1763246031.1840227,0.469522954242682,0.28415343738886145,-0.33978044955567166,0.43648719289074744,-0.33168522104598946,0.4443389443211696
1763246031.217347,0.469522954242682,0.28415343738886145,-0.41367898510755646,0.4605626034197462,-0.3860835185781223,0.45186452873180927
1763246031.2506905,0.469522954242682,0.28415343738886145,-0.37945125510799754,0.4874489200233508,-0.3833413901556353,0.47155820739560705
1763246031.2840571,0.469522954242682,0.28415343738886145,-0.33978044955567166,0.43648719289074744,-0.35851262066556205,0.45307580148452986
1763246031.3173957,0.469522954242682,0.28415343738886145,-0.3033645890788747,0.4605626034197462,-0.32440795027539976,0.45611501123545567
1763246031.3505776,0.469522954242682,0.28415343738886145,-0.3033645890788747,0.4605626034197462,-0.31334564318097724,0.4579594303779359
1763246031.3838027,0.469522954242682,0.28415343738886145,-0.3033645890788747,0.4605626034197462,-0.3087392400656911,0.4590147547590655
1763246031.4171515,0.469522954242682,0.28415343738886145,-0.3033645890788747,0.4605626034197462,-0.30644094324169713,0.4596306250606334
1763246031.4504957,0.469522954242682,0.28415343738886145,-0.3033645890788747,0.4605626034197462,-0.3051799381692863,0.45999705905708455
1763246031.483695,0.469522954242682,0.28415343738886145,-0.23523261892315728,0.43648719289074744,-0.2603983996614264,0.4481867066040927
1763246031.5169146,0.469522954242682,0.28415343738886145,-0.27322404371584696,0.4148037754595131,-0.26558764813760427,0.4298048697034069
1763246031.550318,0.469522954242682,0.28415343738886145,-0.23523261892315728,0.43648719289074744,-0.24959256902837978,0.4324489955537111
1763246031.58467,0.469522954242682,0.28415343738886145,-0.23523261892315728,0.43648719289074744,-0.24270563158119524,0.43410571860929087
1763246031.6180584,0.469522954242682,0.28415343738886145,-0.23523261892315728,0.43648719289074744,-0.23940770766925853,0.43506645933041327
1763246031.6513526,0.469522954242682,0.28415343738886145,-0.21296734500709888,0.395172740179839,-0.22567313784251988,0.4127375243329428
1763246031.684625,0.469522954242682,0.28415343738886145,-0.17386984600099348,0.4148037754595131,-0.19430981011453502,0.41357600566436203
1763246031.718045,0.469522954242682,0.28415343738886145,-0.17386984600099348,0.4148037754595131,-0.18367672119217116,0.4140554701099691
1763246031.7528157,0.469522954242682,0.28415343738886145,-0.17386984600099348,0.4148037754595131,-0.1791886835200961,0.41434796105022775
1763246031.786105,0.469522954242682,0.28415343738886145,-0.17386984600099348,0.4148037754595131,-0.17691874390577766,0.4145254284883563
1763246031.8194935,0.469522954242682,0.28415343738886145,-0.11831519167061046,0.395172740179839,-0.14089258636718788,0.4051420350701258
1763246031.8528304,0.469522954242682,0.28415343738886145,-0.11831519167061046,0.395172740179839,-0.12892366652552184,0.40061039873153115
1763246031.8861973,0.469522954242682,0.28415343738886145,-0.11831519167061046,0.395172740179839,-0.12399031272401353,0.39828921748172097
1763246031.9222934,0.469522954242682,0.28415343738886145,0.0,0.377315860822413,-0.03519106782111058,0.38802056040753846
1763246031.955716,0.469522954242682,0.28415343738886145,-0.11831519167061046,0.395172740179839,-0.0877125630508262,0.3909627853730104
1763246031.988955,0.469522954242682,0.28415343738886145,-0.12419274714356676,0.36512667660208636,-0.10881710379577958,0.37779171595585015
1763246032.0221915,0.469522954242682,0.28415343738886145,-0.2974223397224057,0.28750826173165894,-0.25818224663984785,0.31610380999648763
1763246032.0554585,0.469522954242682,0.28415343738886145,-0.2789832610043396,0.3316800991940483,-0.27032919688824597,0.3223651936775029
1763246032.0886855,0.469522954242682,0.28415343738886145,-0.2789832610043396,0.3316800991940483,-0.27437008909205496,0.32646546558155737
1763246032.121936,0.469522954242682,0.28415343738886145,-0.18295870360690009,0.38421327757449025,-0.21259441204980123,0.36192896765814175
1763246032.1553001,0.469522954242682,0.28415343738886145,-0.12419274714356676,0.36512667660208636,-0.15127266767783004,0.3633624284281877
1763246032.1885986,0.469522954242682,0.28415343738886145,-0.12419274714356676,0.36512667660208636,-0.13599851863640694,0.3640779815122091
1763246032.2219083,0.469522954242682,0.28415343738886145,-0.11831519167061046,0.395172740179839,-0.12712404297965996,0.3806542778744231
1763246032.2552671,0.469522954242682,0.28415343738886145,0.0,0.377315860822413,-0.03393577726021799,0.3793458287415689
1763246032.2886777,0.469522954242682,0.28415343738886145,0.0,0.377315860822413,-0.013741105051217761,0.37853945423548224
1763246032.3220603,0.469522954242682,0.28415343738886145,-0.11831519167061046,0.395172740179839,-0.08574587663700897,0.38639150336113237
1763246032.3553143,0.469522954242682,0.28415343738886145,-0.11831519167061046,0.395172740179839,-0.10461038941624975,0.3903157525654104
1763246032.3887444,0.469522954242682,0.28415343738886145,-0.11831519167061046,0.395172740179839,-0.11129881552196447,0.3923680486072778
1763246032.4219966,0.469522954242682,0.28415343738886145,-0.11831519167061046,0.395172740179839,-0.11438952578281036,0.39351142702302755
1763246032.4552407,0.469522954242682,0.28415343738886145,-0.11831519167061046,0.395172740179839,-0.11602504745095144,0.39417413490170167
1763246032.4884117,0.469522954242682,0.28415343738886145,-0.11831519167061046,0.395172740179839,-0.11695000159572676,0.3945673361369316
1763246032.5235963,0.469522954242682,0.28415343738886145,0.0,0.377315860822413,-0.034163187811619956,0.38643790247009324
1763246032.5571935,0.469522954242682,0.28415343738886145,0.0,0.3610030263726761,-0.014082392801499073,0.3732621544606926
1763246032.5908833,0.469522954242682,0.28415343738886145,0.0,0.3610030263726761,-0.007168753016574285,0.3675001318633184
1763246032.6244578,0.469522954242682,0.28415343738886145,0.0,0.15927977839335178,-0.004004438136662897,0.20071291304896188
1763246032.6578078,0.469522954242682,0.28415343738886145,0.0,0.0,-0.0023340905131130733,0.037467342642085
1763246032.6911447,0.469522954242682,0.28415343738886145,0.0,0.0,-0.001390781322748291,0.013627033214348577
1763246032.7243824,0.469522954242682,0.28415343738886145,0.0,0.0,-0.0008389032570518423,0.006798251565123343
1763246032.7576506,0.469522954242682,0.28415343738886145,0.0,0.0,-0.0005096485437582733,0.0037963494629608776
1763246032.790898,0.469522954242682,0.28415343738886145,0.0,0.0,-0.0003109393129695502,0.0022168306066588164
1763246032.8241427,0.469522954242682,0.28415343738886145,0.0,0.0,-0.00019019284684086457,0.0013226726243731756
1763246032.8575037,0.469522954242682,0.28415343738886145,0.0,0.0,-0.00011651778733554075,0.0007985420707295326
1763246032.890853,0.469522954242682,0.28415343738886145,0.0,0.0,-7.144998850647732e-05,0.000485392279380581
1763246032.9249203,0.469522954242682,0.28415343738886145,0.0,0.0,-4.383998061236197e-05,0.00029626855199868675
1763246032.958642,0.469522954242682,0.28415343738886145,0.0965996908809892,-0.13137557959814528,0.06622762265831088,-0.0962276064092732
1763246032.992014,0.469522954242682,0.28415343738886145,0.14656616415410387,-0.1842546063651591,0.12103392331748389,-0.15796928702410035
1763246033.0268888,0.469522954242682,0.28415343738886145,0.35919540229885055,-0.2586206896551724,0.3161938387664915,-0.22926726555042035
1763246033.0602467,0.469522954242682,0.28415343738886145,0.3832391713747646,-0.2071563088512241,0.36263925851510165,-0.21986098444048083
1763246033.0936651,0.469522954242682,0.28415343738886145,0.40217391304347827,-0.26679841897233203,0.38631482992555277,-0.24702913196006837
1763246033.1272497,0.469522954242682,0.28415343738886145,0.40217391304347827,-0.26679841897233203,0.39425619402756007,-0.25715397365033316
1763246033.1607158,0.469522954242682,0.28415343738886145,0.4515810276679842,-0.31620553359683795,0.429602744157096,-0.29385991228560154
1763246033.1947687,0.469522954242682,0.28415343738886145,0.4515810276679842,-0.31620553359683795,0.4411781549794839,-0.3056814432445539
1763246033.2281322,0.469522954242682,0.28415343738886145,0.4230769230769231,-0.3326403326403326,0.43283029059173433,-0.32000891084691685
1763246033.261738,0.469522954242682,0.28415343738886145,0.4462719298245614,-0.4057017543859649,0.4388614954012142,-0.37787921893231297
1763246033.2951863,0.469522954242682,0.28415343738886145,0.40217391304347827,-0.26679841897233203,0.41886993159555963,-0.30119798428534605
1763246033.3286262,0.469522954242682,0.28415343738886145,0.4462719298245614,-0.4057017543859649,0.43253219244449115,-0.3720179427044641
1763246033.3624098,0.469522954242682,0.28415343738886145,0.4230769230769231,-0.3326403326403326,0.42854313331986527,-0.3517769276108548
1763246033.395725,0.469522954242682,0.28415343738886145,0.4230769230769231,-0.3326403326403326,0.4262344200094893,-0.34221516968831434
1763246033.4290268,0.469522954242682,0.28415343738886145,0.4462719298245614,-0.4057017543859649,0.4359451382057655,-0.3813851688403671
1763246033.462446,0.469522954242682,0.28415343738886145,0.4230769230769231,-0.3326403326403326,0.43024905900996896,-0.35398179488526815
1763246033.4960022,0.469522954242682,0.28415343738886145,0.4230769230769231,-0.3326403326403326,0.4271359748343528,-0.34298475137348994
1763246033.529513,0.469522954242682,0.28415343738886145,0.4230769230769231,-0.3326403326403326,0.4254464671706104,-0.3382158202801413
1763246033.5629165,0.469522954242682,0.28415343738886145,0.4462719298245614,-0.29605263157894735,0.4356175028328809,-0.3140427871414411
1763246033.5963128,0.469522954242682,0.28415343738886145,0.4230769230769231,-0.3326403326403326,0.43009436270635293,-0.3224885626082682
1763246033.6297026,0.469522954242682,0.28415343738886145,0.4230769230769231,-0.22869022869022868,0.4270549848430374,-0.25872417081052484
1763246033.6630664,0.469522954242682,0.28415343738886145,0.5458633093525179,-0.24280575539568344,0.5123008416115632,-0.2504143114052021
1763246033.6964896,0.469522954242682,0.28415343738886145,0.5223752151462995,-0.18932874354561102,0.5174708614281762,-0.21209911875381587
1763246033.729922,0.469522954242682,0.28415343738886145,0.5008992805755396,-0.19784172661870503,0.5099127898290825,-0.20495533058573817
1763246033.7631207,0.469522954242682,0.28415343738886145,0.5008992805755396,-0.10791366906474821,0.5058947177680853,-0.137641128006868
1763246033.7963219,0.469522954242682,0.28415343738886145,0.5008992805755396,-0.10791366906474821,0.5037800820219525,-0.12062700574595733
1763246033.8295982,0.469522954242682,0.28415343738886145,0.5244821092278719,-0.160075329566855,0.5138712580009488,-0.14192502001347612
1763246033.8630846,0.469522954242682,0.28415343738886145,0.5008992805755396,-0.10791366906474821,0.5081300793582242,-0.12407859921408525
1763246033.896527,0.469522954242682,0.28415343738886145,0.4793459552495697,0.0,0.49293869823627334,-0.033491786762748964
1763246033.9300628,0.469522954242682,0.28415343738886145,0.5244821092278719,0.0,0.509250987212125,-0.013643630655659425
1763246033.9651868,0.469522954242682,0.28415343738886145,0.5008992805755396,-0.10791366906474821,0.5058223983277386,-0.0761692810619689
1763246033.998614,0.469522954242682,0.28415343738886145,0.5008992805755396,-0.10791366906474821,0.5037657211631938,-0.09427335858127626
1763246034.0320392,0.469522954242682,0.28415343738886145,0.5223752151462995,0.0,0.512671956552342,-0.030796532145409148
1763246034.065461,0.469522954242682,0.28415343738886145,0.5244821092278719,0.0,0.518131252354173,-0.013248531536060091
1763246034.09893,0.469522954242682,0.28415343738886145,0.5244821092278719,0.0,0.5208796690324293,-0.006834506031638041
1763246034.1323905,0.469522954242682,0.28415343738886145,0.5458633093525179,0.0,0.5336852353870448,-0.003836118059473413
1763246037.2096713,0.34227779573529493,-0.5378428777249967,0.5811393011010053,-0.41886069889899474,0.5864238900635776,-0.4135761099364198
1763246037.242943,0.34227779573529493,-0.5378428777249967,0.5811393011010053,-0.41886069889899474,0.5841958436618442,-0.4158041563381545
1763246037.2762115,0.34227779573529493,-0.5378428777249967,0.5811393011010053,-0.41886069889899474,0.5829458373429197,-0.4170541626570796
1763246037.3094912,0.34227779573529493,-0.5378428777249967,0.5811393011010053,-0.41886069889899474,0.5822233458266233,-0.41777665417337645
1763246037.3428075,0.34227779573529493,-0.5378428777249967,0.5811393011010053,-0.41886069889899474,0.5817958224259279,-0.4182041775740719
1763246037.3760366,0.34227779573529493,-0.5378428777249967,0.5811393011010053,-0.41886069889899474,0.5815390902341241,-0.4184609097658758
1763246037.409305,0.34227779573529493,-0.5378428777249967,0.5811393011010053,-0.41886069889899474,0.5813835613873207,-0.41861643861267916
1763246037.4425678,0.34227779573529493,-0.5378428777249967,0.5811393011010053,-0.41886069889899474,0.5812888371249706,-0.4187111628750294
1763246037.4776793,0.34227779573529493,-0.5378428777249967,0.5600804424333836,-0.4399195575666164,0.5709207523378537,-0.4290792476621464
1763246037.510939,0.34227779573529493,-0.5378428777249967,0.5600804424333836,-0.4399195575666164,0.5659399423397378,-0.43406005766026223
1763246037.5441675,0.34227779573529493,-0.5378428777249967,0.5600804424333836,-0.4399195575666164,0.5634204339592199,-0.4365795660407801
1763246037.5773954,0.34227779573529493,-0.5378428777249967,0.550395256916996,-0.4150197628458498,0.5574051904939293,-0.4260044136267943
1763246037.6106296,0.34227779573529493,-0.5378428777249967,0.5244821092278719,-0.3483992467043314,0.5394686433408159,-0.3747957972367436
1763246037.6439807,0.34227779573529493,-0.5378428777249967,0.550395256916996,-0.31620553359683795,0.5440714220510937,-0.33742877120151277
1763246037.6772206,0.34227779573529493,-0.5378428777249967,0.5244821092278719,-0.2542372881355932,0.5346104959567974,-0.28072790710036577
1763246037.7104425,0.34227779573529493,-0.5378428777249967,0.4774011299435028,-0.2071563088512241,0.4993732116358627,-0.23138677958547665
1763246037.7444353,0.34227779573529493,-0.5378428777249967,0.5008992805755396,-0.19784172661870503,0.5000211748807921,-0.21207653521036296
1763246037.7776496,0.34227779573529493,-0.5378428777249967,0.4793459552495697,-0.14629948364888123,0.48978387509848,-0.16977644530800698
1763246037.8108726,0.34227779573529493,-0.5378428777249967,0.5008992805755396,-0.19784172661870503,0.49458829271505234,-0.18326311698163605
1763246037.8441048,0.34227779573529493,-0.5378428777249967,0.4793459552495697,-0.14629948364888123,0.48754658122105476,-0.16317414515079026
1763246037.8773417,0.34227779573529493,-0.5378428777249967,0.45593525179856115,-0.1528776978417266,0.4704659601657301,-0.15837375123032338
1763246037.9105718,0.34227779573529493,-0.5378428777249967,0.4363166953528399,-0.10327022375215147,0.4514237237376966,-0.12478813819560514
1763246037.9438121,0.34227779573529493,-0.5378428777249967,0.5008992805755396,-0.10791366906474821,0.47983075684155,-0.11621997576793032
1763246037.9771292,0.34227779573529493,-0.5378428777249967,0.4793459552495697,0.0,0.47962793326176756,-0.032513557258479084
1763246038.0104103,0.34227779573529493,-0.5378428777249967,0.45593525179856115,0.0,0.4677714690265296,-0.01340719151926992
1763246038.0436306,0.34227779573529493,-0.5378428777249967,0.45593525179856115,0.0,0.4622556020855533,-0.006852714866392447
1763246038.0768714,0.34227779573529493,-0.5378428777249967,0.45593525179856115,0.0,0.4595163103414199,-0.00383879535144435
1763246038.1100876,0.34227779573529493,-0.5378428777249967,0.45593525179856115,0.11690647482014385,0.45803494464682337,0.08355386520878352
1763246038.1433392,0.34227779573529493,-0.5378428777249967,0.397822445561139,0.15075376884422106,0.42080019146249004,0.1283334370943536
1763246038.177828,0.34227779573529493,-0.5378428777249967,0.397822445561139,0.15075376884422106,0.4086320650951245,0.1404153934728541
1763246038.211039,0.34227779573529493,-0.5378428777249967,0.41520979020979015,0.1136363636363636,0.41126486150179875,0.12708505406037346
1763246038.2442214,0.34227779573529493,-0.5378428777249967,0.397822445561139,0.15075376884422106,0.40511802732821606,0.1387094356546813
1763246038.2774556,0.34227779573529493,-0.5378428777249967,0.397822445561139,0.0,0.40192864663853656,0.03608066959372807
1763246038.310718,0.34227779573529493,-0.5378428777249967,0.4363166953528399,0.0,0.42045748668584204,0.014314489650835817
1763246038.3456826,0.34227779573529493,-0.5378428777249967,0.45593525179856115,0.0,0.4401846385470449,0.007256140012963481
1763246038.3788805,0.34227779573529493,-0.5378428777249967,0.45957095709570955,0.0,0.4500236433272164,0.004044478134330119
1763246038.415562,0.34227779573529493,-0.5378428777249967,0.45957095709570955,0.0,0.45433848817923467,0.002364023898350973
1763246038.4487815,0.34227779573529493,-0.5378428777249967,0.5008992805755396,-0.19784172661870503,0.4816195439800805,-0.15703701237862183
1763246038.4820406,0.34227779573529493,-0.5378428777249967,0.5008992805755396,-0.19784172661870503,0.4914970514106941,-0.1829681516186383
1763246038.5152545,0.34227779573529493,-0.5378428777249967,0.550395256916996,-0.31620553359683795,0.5281486014542693,-0.28252448374212125
1763246038.5484803,0.34227779573529493,-0.5378428777249967,0.5244821092278719,-0.3483992467043314,0.5266282141269655,-0.32660505325934497
1763246038.583727,0.34227779573529493,-0.5378428777249967,0.5600804424333836,-0.4399195575666164,0.5445485224249316,-0.408110995156024
1763246038.6169834,0.34227779573529493,-0.5378428777249967,0.5600804424333836,-0.4399195575666164,0.55213011351265,-0.42673367643771193
1763246038.6502247,0.34227779573529493,-0.5378428777249967,0.5600804424333836,-0.4399195575666164,0.5556700255368261,-0.43316096207335686
1763246038.68349,0.34227779573529493,-0.5378428777249967,0.5600804424333836,-0.4399195575666164,0.5575223706053806,-0.43612845077160345
1763246038.7166743,0.34227779573529493,-0.5378428777249967,0.5600804424333836,-0.4399195575666164,0.5585607267315089,-0.43770441205200644
1763246038.749911,0.34227779573529493,-0.5378428777249967,0.5600804424333836,-0.4399195575666164,0.5591653073541574,-0.4385977602128208
1763246038.7831345,0.34227779573529493,-0.5378428777249967,0.5811393011010053,-0.41886069889899474,0.5701041301434988,-0.42901451756715037
1763246038.816378,0.34227779573529493,-0.5378428777249967,0.5811393011010053,-0.41886069889899474,0.5752002977969506,-0.42438749725426905
1763246038.849702,0.34227779573529493,-0.5378428777249967,0.5600804424333836,-0.4399195575666164,0.5682856585519384,-0.4315342086243582
1763246038.8830645,0.34227779573529493,-0.5378428777249967,0.5600804424333836,-0.4399195575666164,0.5646616311084862,-0.43524885564481686
1763246038.9163053,0.34227779573529493,-0.5378428777249967,0.5600804424333836,-0.4399195575666164,0.5627356367068383,-0.4372156826753727
1763246038.9495087,0.34227779573529493,-0.5378428777249967,0.5600804424333836,-0.4399195575666164,0.5616562346407912,-0.43831589780836694
1763246038.9826882,0.34227779573529493,-0.5378428777249967,0.5600804424333836,-0.4399195575666164,0.56102866200396,-0.43895491888364657
1763246039.0187545,0.34227779573529493,-0.5378428777249967,0.5600804424333836,-0.4399195575666164,0.560656107419657,-0.43933404166385603
1763246039.0521977,0.34227779573529493,-0.5378428777249967,0.5600804424333836,-0.4399195575666164,0.5604314068141116,-0.4395626319896417
1763246039.0856063,0.34227779573529493,-0.5378428777249967,0.5600804424333836,-0.4399195575666164,0.5602950143240091,-0.4397013577877841
1763246039.1189399,0.34227779573529493,-0.5378428777249967,0.536791953414505,-0.46320804658549497,0.548476200854116,-0.4515224378951824
1763246039.152175,0.34227779573529493,-0.5378428777249967,0.536791953414505,-0.46320804658549497,0.5430352149351632,-0.4569641666533212
1763246039.1854765,0.34227779573529493,-0.5378428777249967,0.5600804424333836,-0.4399195575666164,0.5509769046081519,-0.44902283584790853
1763246039.218807,0.34227779573529493,-0.5378428777249967,0.5667970933482392,-0.43320290665176076,0.5585535893150979,-0.44144630215466285
1763246039.2521746,0.34227779573529493,-0.5378428777249967,0.5559210526315789,-0.4057017543859649,0.5575349601859133,-0.4215959537802392
1763246039.2853944,0.34227779573529493,-0.5378428777249967,0.5244821092278719,-0.2542372881355932,0.5397276591907594,-0.2918940131143577
1763246039.3187096,0.34227779573529493,-0.5378428777249967,0.5008992805755396,-0.19784172661870503,0.5175340284638785,-0.22437101704202084
1763246039.351962,0.34227779573529493,-0.5378428777249967,0.4774011299435028,-0.2071563088512241,0.4942676559129487,-0.21508156891663133
1763246039.385326,0.34227779573529493,-0.5378428777249967,0.45593525179856115,-0.1528776978417266,0.4722176674516331,-0.17580081286902413
1763246039.418575,0.34227779573529493,-0.5378428777249967,0.4774011299435028,-0.11299435028248588,0.4742471797367619,-0.1354153012714463
1763246039.4523559,0.34227779573529493,-0.5378428777249967,0.4774011299435028,-0.11299435028248588,0.47552024627971784,-0.12342691408000188
1763246039.4855804,0.34227779573529493,-0.5378428777249967,0.45593525179856115,0.0,0.46602447896388033,-0.03323735941504552
1763246039.5190203,0.34227779573529493,-0.5378428777249967,0.4774011299435028,-0.11299435028248588,0.47097282119367134,-0.08272433153643538
1763246039.5524168,0.34227779573529493,-0.5378428777249967,0.4774011299435028,-0.11299435028248588,0.47373216460436496,-0.09958761680100922
1763246039.5859394,0.34227779573529493,-0.5378428777249967,0.4774011299435028,-0.2071563088512241,0.4752487855326153,-0.1760139787416862
1763246039.6195154,0.34227779573529493,-0.5378428777249967,0.4774011299435028,-0.2071563088512241,0.4761150306528338,-0.19408097893011939
1763246039.6526942,0.34227779573529493,-0.5378428777249967,0.45891608391608385,-0.1923076923076923,0.46795345631238816,-0.1933490882076234
1763246039.6859362,0.34227779573529493,-0.5378428777249967,0.37150349650349646,-0.1923076923076923,0.4012832807690797,-0.19294460306584393
1763246039.7194998,0.34227779573529493,-0.5378428777249967,0.27219430485762147,-0.22613065326633164,0.30500621243143455,-0.21079047743234858
1763246039.7527301,0.34227779573529493,-0.5378428777249967,0.2612540192926045,-0.17684887459807075,0.2777108483858901,-0.19294631117487382
1763246039.7880483,0.34227779573529493,-0.5378428777249967,0.14067524115755628,-0.2170418006430868,0.17605800862305307,-0.20457127440343342
1763246039.8214192,0.34227779573529493,-0.5378428777249967,0.13523956723338487,-0.17001545595054096,0.1509418013311739,-0.1861037193433036
1763246039.8547945,0.34227779573529493,-0.5378428777249967,0.0,-0.17001545595054096,0.035826613702737244,-0.17821978938074062
1763246039.8881698,0.34227779573529493,-0.5378428777249967,0.0,-0.1523545706371191,0.01396705746781408,-0.1647062368268114
1763246039.9217496,0.34227779573529493,-0.5378428777249967,0.0,-0.1636904761904762,0.007045544299751729,-0.16428495288244277
1763246039.955418,0.34227779573529493,-0.5378428777249967,0.0,-0.1636904761904762,0.003935256911038274,-0.16405100087244429
1763246039.9889247,0.34227779573529493,-0.5378428777249967,-0.1465661641541038,-0.22613065326633164,-0.10972626557448825,-0.20252419905492045
1763246040.02227,0.34227779573529493,-0.5378428777249967,-0.1966783216783216,-0.23601398601398602,-0.17094623514551557,-0.22151762200357716
1763246040.056266,0.34227779573529493,-0.5378428777249967,-0.35919540229885055,-0.3065134099616858,-0.32054241983162857,-0.2788918642576327
1763246040.0898714,0.34227779573529493,-0.5378428777249967,-0.4502118644067796,-0.39194915254237284,-0.41907866868224836,-0.3609817117246793
1763246040.125216,0.34227779573529493,-0.5378428777249967,-0.46104589114194233,-0.39487726787620064,-0.4450292370629042,-0.38090457339691186
1763246040.1586506,0.34227779573529493,-0.5378428777249967,-0.46104589114194233,-0.5016008537886872,-0.4531332080535483,-0.46893231577551
1763246040.1918626,0.34227779573529493,-0.5378428777249967,-0.48703494926719276,-0.4735062006764374,-0.4718730160095804,-0.4712039139392946
1763246040.2252498,0.34227779573529493,-0.5378428777249967,-0.49683726279470963,-0.5031627372052904,-0.48504527758849203,-0.4886120580118559
1763246040.259999,0.34227779573529493,-0.5378428777249967,-0.49683726279470963,-0.5031627372052904,-0.4905628087927437,-0.49563635035359166
1763246040.2933528,0.34227779573529493,-0.5378428777249967,-0.49683726279470963,-0.5031627372052904,-0.49328184173823286,-0.49896393171315623
1763246040.326782,0.34227779573529493,-0.5378428777249967,-0.4698205546492659,-0.530179445350734,-0.48161010717126096,-0.5157078333887324
1763246040.3600588,0.34227779573529493,-0.5378428777249967,-0.4698205546492659,-0.530179445350734,-0.47612505965532603,-0.5227069079076869
1763246040.3934238,0.34227779573529493,-0.5378428777249967,-0.4698205546492659,-0.530179445350734,-0.4733946830651755,-0.526009620857599
1763246040.4266794,0.34227779573529493,-0.5378428777249967,-0.4698205546492659,-0.530179445350734,-0.47191657853774294,-0.5277533873654292
1763246040.4634895,0.34227779573529493,-0.5378428777249967,-0.49683726279470963,-0.5031627372052904,-0.48428107506006696,-0.5155947517512871
1763246040.496854,0.34227779573529493,-0.5378428777249967,-0.4698205546492659,-0.530179445350734,-0.477790808307952,-0.5221537580295611
1763246040.530311,0.34227779573529493,-0.5378428777249967,-0.4698205546492659,-0.530179445350734,-0.4742907300066651,-0.525681463784675
1763246040.5636032,0.34227779573529493,-0.5378428777249967,-0.4698205546492659,-0.530179445350734,-0.47241596842969413,-0.5275688442468104
1763246040.5968459,0.34227779573529493,-0.5378428777249967,-0.4698205546492659,-0.530179445350734,-0.47136218829320026,-0.5286290985747715
1763246040.6324975,0.34227779573529493,-0.5378428777249967,-0.4698205546492659,-0.530179445350734,-0.47074961863251097,-0.5292452308362356
1763246040.66592,0.34227779573529493,-0.5378428777249967,-0.4698205546492659,-0.530179445350734,-0.47038442832773963,-0.5296124828491997
1763246040.6992679,0.34227779573529493,-0.5378428777249967,-0.4698205546492659,-0.530179445350734,-0.470164351216036,-0.5298337792205177
1763246040.732585,0.34227779573529493,-0.5378428777249967,-0.4698205546492659,-0.530179445350734,-0.4700307590372757,-0.5299681029570014
1763246040.7659087,0.34227779573529493,-0.5378428777249967,-0.4698205546492659,-0.530179445350734,-0.4699492988850423,-0.5300500060144756
1763246040.80059,0.34227779573529493,-0.5378428777249967,-0.4698205546492659,-0.530179445350734,-0.4698994935023848,-0.5301000809888367
1763246040.8343158,0.34227779573529493,-0.5378428777249967,-0.4698205546492659,-0.530179445350734,-0.4698689849779354,-0.5301307542275175
1763246040.8690765,0.34227779573529493,-0.5378428777249967,-0.4698205546492659,-0.530179445350734,-0.4698502793220013,-0.5301495607090455
1763246040.9029493,0.34227779573529493,-0.5378428777249967,-0.4698205546492659,-0.530179445350734,-0.4698388026393984,-0.530161099192573
1763246040.9365652,0.34227779573529493,-0.5378428777249967,-0.4698205546492659,-0.530179445350734,-0.4698317586947751,-0.5301681810453074
1763246040.9703612,0.34227779573529493,-0.5378428777249967,-0.4698205546492659,-0.530179445350734,-0.46982743441630004,-0.5301725285868032
1763246041.003703,0.34227779573529493,-0.5378428777249967,-0.4698205546492659,-0.530179445350734,-0.4698247793510326,-0.5301751979320655
1763246041.0370488,0.34227779573529493,-0.5378428777249967,-0.4698205546492659,-0.530179445350734,-0.4698231490264415,-0.5301768370239358
1763246041.0703142,0.34227779573529493,-0.5378428777249967,-0.4698205546492659,-0.530179445350734,-0.4698221478820616,-0.5301778435516243
1763246041.1036947,0.34227779573529493,-0.5378428777249967,-0.4698205546492659,-0.530179445350734,-0.46982153308201247,-0.5301784616573693
1763246041.1370723,0.34227779573529493,-0.5378428777249967,-0.4698205546492659,-0.530179445350734,-0.4698211555270607,-0.5301788412423147
1763246041.170453,0.34227779573529493,-0.5378428777249967,-0.4698205546492659,-0.530179445350734,-0.46982092366377126,-0.5301790743522345
1763246041.2037,0.34227779573529493,-0.5378428777249967,-0.4698205546492659,-0.530179445350734,-0.4698207812712345,-0.5301792175103458
1763246044.2870688,-0.14429313384015519,0.6506282849824334,-0.4116245831348261,0.5883754168651738,-0.43280251637767864,0.5671974836223213
1763246044.3202903,-0.14429313384015519,0.6506282849824334,-0.4116245831348261,0.5883754168651738,-0.4217090735412897,0.5782909264587102
1763246044.3534567,-0.14429313384015519,0.6506282849824334,-0.19455252918287932,0.5339386078685688,-0.2365751517461257,0.5533198712564733
1763246044.3871143,-0.14429313384015519,0.6506282849824334,0.0,0.25383707201889016,-0.039714167394371974,0.2996150767045769
1763246044.42036,-0.14429313384015519,0.6506282849824334,0.12541806020066892,0.18394648829431437,0.09182053654291944,0.21155972690793498
1763246044.4535887,-0.14429313384015519,0.6506282849824334,0.11283851554663993,0.1654964894684052,0.10416218394607993,0.18236140096237416
1763246044.486779,-0.14429313384015519,0.6506282849824334,0.14146090534979422,0.0,0.12556544413710463,0.03832725058734728
1763246044.5199938,-0.14429313384015519,0.6506282849824334,0.1590019569471624,0.0,0.14428902710829608,0.014282484186583717
1763246044.553349,-0.14429313384015519,0.6506282849824334,0.12826492537313433,0.0,0.137165907888706,0.00712236355509429
1763246044.5865664,-0.14429313384015519,0.6506282849824334,0.14813126709206928,0.0,0.14198354263657081,0.003965011463697418
1763246044.6197975,-0.14429313384015519,0.6506282849824334,0.14813126709206928,0.0,0.14461812926558615,0.0023105337206660993
1763246044.653513,-0.14429313384015519,0.6506282849824334,0.14813126709206928,0.0,0.14606653301689343,0.0013773572732467866
1763246044.6867716,-0.14429313384015519,0.6506282849824334,0.14813126709206928,0.0,0.14689639086234005,0.0008309742124887806
1763246044.7229595,-0.14429313384015519,0.6506282849824334,0.1515858208955224,0.0,0.1488347123712562,0.000505220582183517
1763246044.756145,-0.14429313384015519,0.6506282849824334,0.17092069279854147,0.0,0.15987514661213795,0.0003082812096721545
1763246044.789358,-0.14429313384015519,0.6506282849824334,0.17092069279854147,0.0,0.1649808087490452,0.00018857506134389366
1763246044.8226173,-0.14429313384015519,0.6506282849824334,0.17092069279854147,0.0,0.1675397535859257,0.00011552856462132919
1763246044.8558996,-0.14429313384015519,0.6506282849824334,0.17092069279854147,0.0,0.1689331126274906,7.084407904430031e-05
1763246044.8911235,-0.14429313384015519,0.6506282849824334,0.17092069279854147,0.0,0.16972973239982775,4.3469511955447375e-05
1763246044.9243608,-0.14429313384015519,0.6506282849824334,0.16346992153443765,0.0,0.16709914198688372,2.6681132985891167e-05
1763246044.9575667,-0.14429313384015519,0.6506282849824334,0.16711229946524064,0.0,0.16710428324002502,1.6380065979149304e-05
1763246044.990839,-0.14429313384015519,0.6506282849824334,0.17092069279854147,0.0,0.16866072757183287,1.005737448348445e-05
1763246045.0240302,-0.14429313384015519,0.6506282849824334,0.17490671641791045,0.0,0.1713142045786138,6.175738039774453e-06
1763246045.057249,-0.14429313384015519,0.6506282849824334,0.16711229946524064,0.0,0.16961084662120332,3.7924064946338186e-06
1763246045.0904472,-0.14429313384015519,0.6506282849824334,0.17092069279854147,0.0,0.1701231588738955,2.3289182716144014e-06
1763246045.1236582,-0.14429313384015519,0.6506282849824334,0.17092069279854147,0.0,0.17043535778001595,1.430216633957361e-06
1763246045.1576376,-0.14429313384015519,0.6506282849824334,0.17092069279854147,0.0,0.1706244158906441,8.783236593121499e-07
1763246045.1915295,-0.14429313384015519,0.6506282849824334,0.17092069279854147,0.0,0.17073941735822545,5.393993116160228e-07
1763246045.2248182,-0.14429313384015519,0.6506282849824334,0.17092069279854147,0.0,0.1708096243434854,3.312592521406144e-07
1763246045.2580726,-0.14429313384015519,0.6506282849824334,0.17490671641791045,0.0,0.17249043875211378,2.0343552730606906e-07
1763246045.291342,-0.14429313384015519,0.6506282849824334,0.17092069279854147,0.0,0.17187514693854902,1.2493562543337082e-07
1763246045.3255718,-0.14429313384015519,0.6506282849824334,0.17490671641791045,0.0,0.17309583223935265,7.672665164234572e-08
1763246045.3587942,-0.14429313384015519,0.6506282849824334,0.17490671641791045,0.0,0.17381854143572412,4.712012706113308e-08
1763246045.3920426,-0.14429313384015519,0.6506282849824334,0.17490671641791045,0.0,0.1742476073047786,2.893788750126287e-08
1763246045.4252307,-0.14429313384015519,0.6506282849824334,0.1790830945558739,0.0,0.1762559954502383,1.7771631375599013e-08
1763246045.4584823,-0.14429313384015519,0.6506282849824334,0.1629889669007021,0.0,0.17022558132204177,1.0914097559451389e-08
1763246045.4917462,-0.14429313384015519,0.6506282849824334,0.18346379647749508,0.0,0.17617360205378896,6.702678756034344e-09
1763246045.5251815,-0.14429313384015519,0.6506282849824334,0.18346379647749508,0.11252446183953031,0.17935029614060816,0.07993274900799674
1763246045.5585344,-0.14429313384015519,0.6506282849824334,0.18346379647749508,0.11252446183953031,0.18106516244032822,0.09899233138947508
1763246045.591723,-0.14429313384015519,0.6506282849824334,0.18806419257773319,0.0,0.18407505472771157,0.03154648359029456
1763246045.6249335,-0.14429313384015519,0.6506282849824334,0.18806419257773319,0.0,0.18573239392636876,0.013421245929836453
1763246045.6582248,-0.14429313384015519,0.6506282849824334,0.18806419257773319,0.0,0.18667423455982324,0.006896842147178618
1763246045.6914272,-0.14429313384015519,0.6506282849824334,0.18806419257773319,0.1404212637913741,0.18722574585269475,0.10495250841787629
1763246045.7246068,-0.14429313384015519,0.6506282849824334,0.18806419257773319,0.1404212637913741,0.1875548270167791,0.1262398780292705
1763246045.7578266,-0.14429313384015519,0.6506282849824334,0.19290123456790123,0.11831275720164608,0.18978922518731342,0.12315276136133979
1763246045.7910242,-0.14429313384015519,0.6506282849824334,0.18806419257773319,0.1404212637913741,0.1891133725061996,0.13137528965502115
1763246045.8242505,-0.14429313384015519,0.6506282849824334,0.16718106995884774,0.14403292181069957,0.17821177259741744,0.13727623090144078
1763246045.8574953,-0.14429313384015519,0.6506282849824334,0.19290123456790123,0.11831275720164608,0.1848230026799972,0.12827324492928907
1763246045.8908477,-0.14429313384015519,0.6506282849824334,0.18806419257773319,0.1404212637913741,0.18616553293404192,0.1336267520835961
1763246045.9271896,-0.14429313384015519,0.6506282849824334,0.19290123456790123,0.11831275720164608,0.1890292499367541,0.12665908870620327
1763246045.9604008,-0.14429313384015519,0.6506282849824334,0.18806419257773319,0.1404212637913741,0.18865669201371082,0.13287861665915718
1763246045.997743,-0.14429313384015519,0.6506282849824334,0.19290123456790123,0.11831275720164608,0.19038947256844307,0.12634773815433048
1763246046.031011,-0.14429313384015519,0.6506282849824334,0.18806419257773319,0.1404212637913741,0.18946686122829862,0.13274043280329587
1763246046.064194,-0.14429313384015519,0.6506282849824334,0.1979936642027455,0.1478352692713833,0.19315868060573682,0.1399027338016366
1763246046.0973742,-0.14429313384015519,0.6506282849824334,0.17159450897571277,0.12143611404435056,0.18258524303145757,0.1311949499941627
1763246046.1305797,-0.14429313384015519,0.6506282849824334,0.1979936642027455,0.1478352692713833,0.1895922488975587,0.13890667580677563
1763246046.164676,-0.14429313384015519,0.6506282849824334,0.18806419257773319,0.1404212637913741,0.18900034651047476,0.1395222474586477
1763246046.197942,-0.14429313384015519,0.6506282849824334,0.19290123456790123,0.16975308641975306,0.19059632214139977,0.15555122905677904
1763246046.2312584,-0.14429313384015519,0.6506282849824334,0.1979936642027455,0.1478352692713833,0.19378458593759346,0.1524140448884061
1763246046.2644699,-0.14429313384015519,0.6506282849824334,0.1979936642027455,0.1478352692713833,0.19553903150363813,0.15051157999144343
1763246046.2977264,-0.14429313384015519,0.6506282849824334,0.1979936642027455,0.1478352692713833,0.19653274176730334,0.1494252147280376
1763246046.331085,-0.14429313384015519,0.6506282849824334,0.1979936642027455,0.1478352692713833,0.19711315543719327,0.1487920884034422
1763246046.3643837,-0.14429313384015519,0.6506282849824334,0.1979936642027455,0.1478352692713833,0.19745901450602615,0.14841569533089477
1763246046.3975742,-0.14429313384015519,0.6506282849824334,0.1979936642027455,0.1478352692713833,0.1976675787419358,0.14818906559066872
1763246046.4310536,-0.14429313384015519,0.6506282849824334,0.17159450897571277,0.17423442449841603,0.18431987442770703,0.16151897661472514
1763246046.464297,-0.14429313384015519,0.6506282849824334,0.17624728850325377,0.15184381778741862,0.18068840401060576,0.1574415448145054
1763246046.5005229,-0.14429313384015519,0.6506282849824334,0.1979936642027455,0.1478352692713833,0.18869604202102444,0.15321452410006892
1763246046.5337083,-0.14429313384015519,0.6506282849824334,0.1979936642027455,0.1478352692713833,0.1928630020288552,0.15093069904811526
1763246046.5669334,-0.14429313384015519,0.6506282849824334,0.1979936642027455,0.1478352692713833,0.19504036653522788,0.14966271964160516
1763246046.600165,-0.14429313384015519,0.6506282849824334,0.18115942028985507,0.18394648829431437,0.18870433109160567,0.16820940156158454
1763246046.6333842,-0.14429313384015519,0.6506282849824334,0.1979936642027455,0.1478352692713833,0.19268808539862708,0.15864255029351218
1763246046.6686656,-0.14429313384015519,0.6506282849824334,0.1979936642027455,0.1478352692713833,0.19492091733154332,0.15374207956054092
1763246046.7019796,-0.14429313384015519,0.6506282849824334,0.1979936642027455,0.1478352692713833,0.19617742349442213,0.15120660480470888
1763246046.7352297,-0.14429313384015519,0.6506282849824334,0.1979936642027455,0.1478352692713833,0.1969039060695033,0.1498180931412328
1763246046.768525,-0.14429313384015519,0.6506282849824334,0.1979936642027455,0.1478352692713833,0.1973337336052245,0.1490222490550075
1763246046.8018396,-0.14429313384015519,0.6506282849824334,0.1979936642027455,0.1478352692713833,0.19759181011013316,0.1485531629671493
1763246046.8353107,-0.14429313384015519,0.6506282849824334,0.1979936642027455,0.1478352692713833,0.19774814231850318,0.14827210609659627
1763246046.868851,-0.14429313384015519,0.6506282849824334,0.18115942028985507,0.18394648829431437,0.1899121820583607,0.1677513826680576
1763246046.9022808,-0.14429313384015519,0.6506282849824334,0.1979936642027455,0.1478352692713833,0.19330250473838692,0.15847210261244943
1763246046.9356132,-0.14429313384015519,0.6506282849824334,0.1979936642027455,0.1478352692713833,0.19526237980604055,0.15363252997371316
1763246046.9691865,-0.14429313384015519,0.6506282849824334,0.1979936642027455,0.1478352692713833,0.19637240586974342,0.15114748374106907
1763246047.0025678,-0.14429313384015519,0.6506282849824334,0.1979936642027455,0.1478352692713833,0.19701840192119097,0.14978495353564886
1763246047.035873,-0.14429313384015519,0.6506282849824334,0.1979936642027455,0.1478352692713833,0.19740219040870238,0.1490029310433284
1763246047.0691538,-0.14429313384015519,0.6506282849824334,0.1979936642027455,0.1478352692713833,0.19763317945822534,0.14854164899384262
1763246047.1031866,-0.14429313384015519,0.6506282849824334,0.20336225596529284,0.17895878524945769,0.20003386861846406,0.16453889489761958
1763246047.1364071,-0.14429313384015519,0.6506282849824334,0.18115942028985507,0.18394648829431437,0.19097185501972141,0.17429595310748403
1763246047.169679,-0.14429313384015519,0.6506282849824334,0.17624728850325377,0.15184381778741862,0.18396158745032787,0.1634078435983648
1763246047.2029107,-0.14429313384015519,0.6506282849824334,0.20336225596529284,0.17895878524945769,0.193184931686355,0.17050243088785746
1763246047.2361586,-0.14429313384015519,0.6506282849824334,0.18115942028985507,0.18394648829431437,0.18789183584091446,0.17678175945433222
1763246047.2712672,-0.14429313384015519,0.6506282849824334,0.20336225596529284,0.17895878524945769,0.19497943408888177,0.17767515806546444
1763246047.3046093,-0.14429313384015519,0.6506282849824334,0.19290123456790123,0.16975308641975306,0.19417441810584088,0.17428563894643512
1763246047.337979,-0.14429313384015519,0.6506282849824334,0.1979936642027455,0.1478352692713833,0.1957335045143833,0.1605862582013827
1763246047.3713484,-0.14429313384015519,0.6506282849824334,0.20336225596529284,0.17895878524945769,0.19902941892506798,0.16911028689405963
1763246047.4122524,-0.14429313384015519,0.6506282849824334,0.1979936642027455,0.1478352692713833,0.19862801971942215,0.1591657427018503
1763246047.4461312,-0.14429313384015519,0.6506282849824334,0.1979936642027455,0.1478352692713833,0.198380972395046,0.15398031012516042
1763246047.4805348,-0.14429313384015519,0.6506282849824334,0.20336225596529284,0.17895878524945769,0.20044152476861493,0.16642113811830905
1763246047.5141208,-0.14429313384015519,0.6506282849824334,0.20336225596529284,0.17895878524945769,0.2016299665403945,0.17229208506035779
1763246047.5477543,-0.14429313384015519,0.6506282849824334,0.1979936642027455,0.1478352692713833,0.20015942494273858,0.16013854827563073
1763246047.5817502,-0.14429313384015519,0.6506282849824334,0.20336225596529284,0.17895878524945769,0.20144717758315128,0.16894289049827618
1763246047.614969,-0.14429313384015519,0.6506282849824334,0.1979936642027455,0.1478352692713833,0.2000510231816922,0.15872492858568055
1763246047.6485844,-0.14429313384015519,0.6506282849824334,0.19290123456790123,0.16975308641975306,0.19698562618620288,0.16349982258155096
1763246047.6824663,-0.14429313384015519,0.6506282849824334,0.1979936642027455,0.1478352692713833,0.19737484480158082,0.1562554852156283
1763246047.7157605,-0.14429313384015519,0.6506282849824334,0.1979936642027455,0.1478352692713833,0.19761594465202253,0.15252029061688793
1763246047.750206,-0.14429313384015519,0.6506282849824334,0.20336225596529284,0.17895878524945769,0.20002160227713384,0.16587799108026063
1763246047.7834065,-0.14429313384015519,0.6506282849824334,0.1979936642027455,0.1478352692713833,0.19922359440632975,0.15748918314096794
1763246047.8166316,-0.14429313384015519,0.6506282849824334,0.1979936642027455,0.1478352692713833,0.1987385349099287,0.15314295157216556
1763246047.8499808,-0.14429313384015519,0.6506282849824334,0.1979936642027455,0.1478352692713833,0.19844686792482144,0.15088434829425565
1763246047.8833508,-0.14429313384015519,0.6506282849824334,0.19290123456790123,0.16975308641975306,0.19612451580787155,0.159922431258839
1763246047.9172516,-0.14429313384015519,0.6506282849824334,0.19290123456790123,0.16975308641975306,0.19480567046765787,0.16436780375615234
1763246047.9511414,-0.14429313384015519,0.6506282849824334,0.1979936642027455,0.1478352692713833,0.19608525137484756,0.1566966746113469
1763246047.9843981,-0.14429313384015519,0.6506282849824334,0.19290123456790123,0.16975308641975306,0.19480279449553123,0.16253375015566296
1763246048.0178306,-0.14429313384015519,0.6506282849824334,0.1979936642027455,0.1478352692713833,0.19608721335506485,0.15581540095242305
1763246048.0513008,-0.14429313384015519,0.6506282849824334,0.19290123456790123,0.16975308641975306,0.19480481006387446,0.1621148100360277
1763246048.0872402,-0.14429313384015519,0.6506282849824334,0.19290123456790123,0.11831275720164608,0.1940457211104511,0.13767716861498788
1763246048.1207297,-0.14429313384015519,0.6506282849824334,0.1979936642027455,0.1478352692713833,0.19565403337784532,0.14187998752475783
1763246048.1542325,-0.14429313384015519,0.6506282849824334,0.1979936642027455,0.1478352692713833,0.19659627473446856,0.14440342159330039
1763246048.1876462,-0.14429313384015519,0.6506282849824334,0.19290123456790123,0.11831275720164608,0.1950981142120826,0.1311218737746085
1763246048.2209384,-0.14429313384015519,0.6506282849824334,0.18806419257773319,0.1404212637913741,0.19208310550748614,0.1350260274152747
1763246048.2542918,-0.14429313384015519,0.6506282849824334,0.19290123456790123,0.11831275720164608,0.19239985560675232,0.12717051389065165
