timestamp,raw_x,raw_y,smooth_x,smooth_y,pattern
1763246198.0775154,0.0,0.0,0.0,0.0,Circle
1763246198.110718,0.0,0.0,0.0,0.0,Circle
1763246198.1439497,0.0,0.0,0.0,0.0,Circle
1763246198.1771846,0.0,0.0,0.0,0.0,Circle
1763246198.210436,0.0,0.0,0.0,0.0,Circle
1763246198.2436397,0.0,0.0,0.0,0.0,Circle
1763246198.2781625,0.0,0.0,0.0,0.0,Circle
1763246198.3113408,0.0,0.0,0.0,0.0,Circle
1763246198.3480346,0.0,0.0,0.0,0.0,Circle
1763246198.381216,0.0,0.0,0.0,0.0,Circle
1763246198.4144533,0.0,0.0,0.0,0.0,Circle
1763246198.4478116,0.0,0.0,0.0,0.0,Circle
1763246198.4811447,0.0,0.0,0.0,0.0,Circle
1763246198.5144622,0.0,0.0,0.0,0.0,Circle
1763246198.5476794,0.0,0.0,0.0,0.0,Circle
1763246198.5810013,0.0,0.0,0.0,0.0,Circle
1763246198.6143422,0.0,0.0,0.0,0.0,Circle
1763246198.6477425,0.0,0.0,0.0,0.0,Circle
1763246198.6811404,0.0,0.0,0.0,0.0,Circle
1763246198.7144294,0.0,0.0,0.0,0.0,Circle
1763246198.7478347,0.0,0.0,0.0,0.0,Circle
1763246198.782364,0.0,0.0,0.0,0.0,Circle
1763246198.8156395,0.0,0.0,0.0,0.0,Circle
1763246198.8516672,0.0,0.0,0.0,0.0,Circle
1763246198.884907,0.0,0.0,0.0,0.0,Circle
1763246198.9181964,0.0,0.0,0.0,0.0,Circle
1763246198.9514103,0.0,0.0,0.0,0.0,Circle
1763246198.984627,0.0,0.0,0.0,0.0,Circle
1763246199.0179036,0.0,0.0,0.0,0.0,Circle
1763246199.0511444,0.0,0.0,0.0,0.0,Circle
1763246199.084441,0.0,0.0,0.0,0.0,Circle
1763246199.118246,0.0,0.0,0.0,0.0,Circle
1763246199.1514475,0.0,0.0,0.0,0.0,Circle
1763246199.184682,0.0,-0.10146295422369041,0.0,-0.0705589787873624,Circle
1763246199.2178953,0.0,-0.10146295422369041,0.0,-0.08836745316712707,Circle
1763246199.2510962,0.0,-0.10146295422369041,0.0,-0.09472161416654276,Circle
1763246199.2863262,0.0,-0.10146295422369041,0.0,-0.09766541852399513,Circle
1763246199.3195493,0.0,-0.10146295422369041,0.0,-0.09924274748664083,Circle
1763246199.3528316,0.0,0.0,0.0,-0.03069346951693614,Circle
1763246199.3861191,0.0,-0.10648836057454183,0.0,-0.07780181399821777,Circle
1763246199.4194884,0.0,-0.10391493475108747,0.0,-0.09200040324833816,Circle
1763246199.4548519,0.0,-0.10648836057454183,0.0,-0.09897285941599387,Circle
1763246199.488213,0.0,-0.10648836057454183,0.0,-0.10229336872349162,Circle
1763246199.521588,0.0,-0.10648836057454183,0.0,-0.10404779555616675,Circle
1763246199.5548348,0.0,-0.10648836057454183,0.0,-0.10503611073780558,Circle
1763246199.5881364,0.0,-0.10648836057454183,0.0,-0.10561305094223472,Circle
1763246199.6226788,0.0,-0.10648836057454183,0.0,-0.10595667253984356,Circle
1763246199.6559744,0.0,-0.1120375195414278,0.0,-0.10852213347841035,Circle
1763246199.6892672,0.0,-0.1120375195414278,0.0,-0.10996901816722145,Circle
1763246199.7226105,0.0,-0.1417870518994114,0.0,-0.12702465071751423,Circle
1763246199.7559373,0.0,-0.1780667043527416,0.0,-0.15789883438433502,Circle
1763246199.789224,0.0,-0.21869382863990408,0.0,-0.1965240326765292,Circle
1763246199.8225484,0.0,-0.21869382863990408,0.0,-0.20834316765665797,Circle
1763246199.855882,0.0,-0.25633106856084,0.0,-0.23697470430225678,Circle
1763246199.8892536,0.0,-0.3165418652144315,0.0,-0.2903472201670149,Circle
1763246199.9225655,0.0,-0.3165418652144315,0.0,-0.30488967975928993,Circle
1763246199.9584174,0.0,-0.3396639883126369,0.0,-0.3241339502054965,Circle
1763246199.9916308,0.10841546626231995,-0.35253980288097037,0.07650679213249365,-0.33948431241798793,Circle
1763246200.0248458,0.2506415739948674,-0.3977758768177929,0.21369402950201707,-0.37581856706941374,Circle
1763246200.058119,0.2852747252747253,-0.32087912087912085,0.26303064979009994,-0.34393972316221255,Circle
1763246200.0913708,0.2983908045977012,-0.3816091954022988,0.2837972600236524,-0.3639971363875053,Circle
1763246200.1245809,0.2852747252747253,-0.32087912087912085,0.2844359927710076,-0.33994112923286957,Circle
1763246200.1578164,0.26457831325301207,-0.30361445783132524,0.27484656412250863,-0.3193553785822524,Circle
1763246200.1910448,0.2394666666666667,-0.38933333333333325,0.2552091151272221,-0.36318863210849217,Circle
1763246200.2242658,0.0,-0.23681858802502226,0.04342189851987812,-0.27245290429581226,Circle
1763246200.2574925,0.0,-0.21739130434782603,0.014869997117005325,-0.23712722829433344,Circle
1763246200.2907119,-0.09562109025915994,-0.19213583556747088,-0.06500223387324569,-0.20997578927162205,Circle
1763246200.3239596,-0.1849865951742627,-0.19213583556747088,-0.1538732385317068,-0.20087291610174465,Circle
1763246200.3571842,-0.24041159962581848,-0.20112254443405045,-0.21454899897419283,-0.20097404693161175,Circle
1763246200.391771,-0.3190348525469168,-0.23681858802502226,-0.2891960951464303,-0.22039753086765365,Circle
1763246200.4250093,-0.28718428437792326,-0.2478952291861552,-0.28827014871417445,-0.2351227633398334,Circle
1763246200.4612732,-0.3485609867519415,-0.2421196893558702,-0.3250127937380278,-0.23824312284953464,Circle
1763246200.4944937,-0.3333333333333333,-0.2752293577981651,-0.32893569645502685,-0.2588351872550324,Circle
1763246200.5276916,-0.3333333333333333,-0.2752293577981651,-0.33080061825442647,-0.26695862171098783,Circle
1763246200.5609207,-0.3485609867519415,-0.33348560986751935,-0.3393723615638934,-0.30940017495381805,Circle
1763246200.5942295,-0.3333333333333333,-0.36260375709916987,-0.33691779540091854,-0.34252541747580284,Circle
1763246200.6296186,-0.3485609867519415,-0.4248515303791685,-0.3420886012405902,-0.3976770929288667,Circle
1763246200.6628618,-0.3652465294399234,-0.49305887984681657,-0.353834991121554,-0.46480567958112984,Circle
1763246200.6960802,-0.38360985419808946,-0.5681246857717446,-0.3698839029082933,-0.5390551889755439,Circle
1763246200.7293806,-0.32486772486772486,-0.6232804232804233,-0.3445529374026727,-0.5974739734728501,Circle
1763246200.7625957,-0.25829145728643216,-0.5919597989949749,-0.28588221055688123,-0.5950877403263093,Circle
1763246200.795906,-0.25829145728643216,-0.5919597989949749,-0.2703768033580315,-0.5938432576770396,Circle
1763246200.8291326,-0.1577889447236181,-0.5919597989949749,-0.18945978464356303,-0.5930920276041044,Circle
1763246200.862355,-0.09771689497716894,-0.5835616438356165,-0.12478207512470293,-0.5888899172541529,Circle
1763246200.8960369,0.0,-0.5919597989949749,-0.032174402158260285,-0.5901056805777388,Circle
1763246200.9293303,0.0,-0.5919597989949749,-0.013073305905073737,-0.5908443829109775,Circle
1763246200.962702,0.0,-0.6232804232804233,-0.0066870957085113465,-0.6082625623500226,Circle
1763246200.9959533,0.17987421383647803,-0.7408805031446541,0.14030172319442652,-0.70655180208631,Circle
1763246201.029286,0.22855271774721678,-0.7714472822527833,0.20324538244203003,-0.749746663363207,Circle
1763246201.0645053,0.2445690259285214,-0.7554309740714786,0.22816776123084875,-0.7524436860979877,Circle
1763246201.09782,0.18764129615674455,-0.8123587038432555,0.20635728129636513,-0.7896710187162332,Circle
1763246201.131037,0.18764129615674455,-0.8123587038432555,0.1969644734251622,-0.8017449334758289,Circle
1763246201.1642795,-0.08201438848920861,-0.7035971223021583,-0.03723003490829336,-0.7346684858221808,Circle
1763246201.197701,-0.13914174252275682,-0.6046814044213263,-0.11309679945511875,-0.6376173868411088,Circle
1763246201.2321236,-0.3781061114842176,-0.557421087978509,-0.33476900512150815,-0.5824084586410603,Circle
1763246201.2653706,-0.3333333333333333,-0.4914150384843102,-0.3339797545952371,-0.5187490585720481,Circle
1763246201.2986119,-0.3781061114842176,-0.557421087978509,-0.35994140058020485,-0.5383277848435184,Circle
1763246201.331891,-0.3925399644760213,-0.5506216696269981,-0.3781746136388217,-0.5440930787479231,Circle
1763246201.3651464,-0.3705980994969256,-0.46394633873672436,-0.3751518096400719,-0.4915860187019882,Circle
1763246201.4001462,-0.4039174166225516,-0.5452620434092111,-0.39001389061398595,-0.5217719025745939,Circle
1763246201.4333494,-0.4144486692015209,-0.5855513307984791,-0.4027446246827381,-0.5624403539163356,Circle
1763246201.4665518,-0.4144486692015209,-0.5855513307984791,-0.40823128562236166,-0.5748565612960965,Circle
1763246201.4997404,-0.3930963420917053,-0.6069036579082947,-0.40131911763763917,-0.5924995444991865,Circle
1763246201.5329492,-0.3930963420917053,-0.6069036579082947,-0.3976857572860265,-0.5994992187582895,Circle
1763246201.5671954,-0.3930963420917053,-0.6069036579082947,-0.3957593579920894,-0.6027648872348869,Circle
1763246201.6004052,-0.3930963420917053,-0.6069036579082947,-0.3946769191841847,-0.6044945094557699,Circle
1763246201.6336358,-0.3930963420917053,-0.6069036579082947,-0.39404743085303606,-0.6054695736608402,Circle
1763246201.6668694,-0.3601303639326453,-0.6398696360673547,-0.37564509945033087,-0.6242081649217114,Circle
1763246201.700112,-0.3415765069551777,-0.6584234930448222,-0.35664829361832906,-0.6433122933299844,Circle
1763246201.7354627,-0.3058120586637697,-0.6941879413362303,-0.3261905155752358,-0.6738029036872915,Circle
1763246201.7686882,-0.28715083798882685,-0.6581005586592179,-0.30352541459010973,-0.6669950979855492,Circle
1763246201.8019016,-0.24497041420118343,-0.6970414201183432,-0.26675648048524125,-0.6827326929485037,Circle
1763246201.8351412,-0.1436241610738255,-0.7906040268456376,-0.17618389569776563,-0.7593564877938991,Circle
1763246201.868465,-0.08201438848920861,-0.8474820143884892,-0.10926438653812871,-0.8208756514321651,Circle
1763246201.9021504,0.0,-0.8474820143884892,-0.03003867240216481,-0.8358516068564729,Circle
1763246201.9353685,0.11228334589299173,-0.8877166541070083,0.07861015869436448,-0.8674977290643934,Circle
1763246201.9686198,0.0,-0.9600651996740016,0.030790773178261715,-0.9317219828827232,Circle
1763246202.0019584,-0.0883720930232558,-0.8356589147286823,-0.056102639690567356,-0.8680541059928207,Circle
1763246202.0351608,-0.27069351230425054,-0.7293064876957494,-0.23106521028852947,-0.7633380092914863,Circle
1763246202.0683434,-0.32130464954892435,-0.6786953504510755,-0.296392747404716,-0.7039829646541602,Circle
1763246202.1015332,-0.43024010382868266,-0.5697598961713173,-0.3974991512882293,-0.6028488639224553,Circle
1763246202.13479,-0.4172435494021397,-0.5223410950283196,-0.4086134801403163,-0.5469319353182964,Circle
1763246202.1699715,-0.4172435494021397,-0.5223410950283196,-0.4125832836868755,-0.5333528916332926,Circle
1763246202.2032018,-0.42649524874231415,-0.5198434879821129,-0.419118570595456,-0.5268369272261197,Circle
1763246202.2364073,-0.3808156232050546,-0.6191843767949454,-0.3980831550971494,-0.5893385114117813,Circle
1763246202.2696166,-0.3808156232050546,-0.6191843767949454,-0.38948773938190917,-0.6063016222672762,Circle
1763246202.3028774,-0.3601303639326453,-0.6398696360673547,-0.37374334813893695,-0.6250812759613017,Circle
1763246202.3361404,-0.3601303639326453,-0.6398696360673547,-0.3672105609986098,-0.63231452311859,Circle
1763246202.3693786,-0.3601303639326453,-0.6398696360673547,-0.3640986400315481,-0.6356646673723895,Circle
1763246202.4025762,-0.3601303639326453,-0.6398696360673547,-0.36244488188361546,-0.6374250256389937,Circle
1763246202.4358284,-0.3601303639326453,-0.6398696360673547,-0.3615097916081714,-0.6384151773808515,Circle
1763246202.4691384,-0.3415765069551777,-0.6584234930448222,-0.3517491665379908,-0.6482209637355159,Circle
1763246202.5051928,-0.3601303639326453,-0.6398696360673547,-0.35522578526727727,-0.6447586554433592,Circle
1763246202.5383909,-0.3415765069551777,-0.6584234930448222,-0.34899409958458905,-0.6509988416991156,Circle
1763246202.5715868,-0.28715083798882685,-0.6581005586592179,-0.3103372238429222,-0.6540960029360063,Circle
1763246202.6048288,-0.3894736842105263,-0.5636363636363636,-0.3609671884304857,-0.5929735577357923,Circle
1763246202.6381454,-0.3587939698492462,-0.5919597989949749,-0.3600354171809338,-0.5925093794873211,Circle
1763246202.6713922,-0.3601303639326453,-0.6398696360673547,-0.36007270336243447,-0.6198929338267273,Circle
1763246202.704612,-0.28715083798882685,-0.6581005586592179,-0.3130494210558063,-0.6418675166443912,Circle
1763246202.7378395,-0.24497041420118343,-0.6970414201183432,-0.26843026231640127,-0.6760466418469027,Circle
1763246202.771882,-0.30045425048669694,-0.699545749513303,-0.2841433973848108,-0.6885635406153314,Circle
1763246202.8051782,-0.34308348567946373,-0.6569165143205362,-0.3207055089637916,-0.6721805919796313,Circle
1763246202.838406,-0.4040219378427788,-0.5959780621572212,-0.37736515807617005,-0.6219634770951102,Circle
1763246202.8716466,-0.4956921309592189,-0.5043078690407812,-0.4642508652126709,-0.535884959823515,Circle
1763246202.9049437,-0.4956921309592189,-0.5043078690407812,-0.4827709528856764,-0.5173005147162011,Circle
1763246202.9402514,-0.5701598579040852,-0.3730017761989342,-0.5417910288290346,-0.4094985288215549,Circle
1763246202.973496,-0.6060415355569541,-0.3335431088735053,-0.5836958359746477,-0.3573831217259438,Circle
1763246203.0067117,-0.6060415355569541,-0.20767778477029572,-0.5957163416719595,-0.24261286640341923,Circle
1763246203.0399237,-0.6293664890467732,-0.19538188277087026,-0.6144181489451442,-0.21246995849427233,Circle
1763246203.0731661,-0.5941866964784795,-0.2403577417551704,-0.6049900453884369,-0.22588656419670206,Circle
1763246208.1679525,0.0,-0.10146295422369041,0.003943141072422417,-0.09534169320424779,Horizontal Line
1763246208.201177,0.0,0.0,0.0023001628875205854,-0.0302728786919098,Horizontal Line
1763246208.234453,0.0,0.0,0.001371110899948796,-0.012990998539982146,Horizontal Line
1763246208.267741,0.08322552824493319,0.0,0.055519954295896956,-0.006709387017023566,Horizontal Line
1763246208.3009934,0.0,-0.1280811986466892,0.023612752834910506,-0.09403124672161933,Horizontal Line
1763246208.3342147,0.0,-0.1280811986466892,0.011175756080852797,-0.11418175288668608,Horizontal Line
1763246208.3674886,0.0,-0.1280811986466892,0.005954352965195172,-0.12101678451837475,Horizontal Line
1763246208.4015474,0.0,-0.1280811986466892,0.003388518692417819,-0.12412868936362348,Horizontal Line
1763246208.4348483,0.0,-0.10146295422369041,0.001991872826403945,-0.11293681283075799,Horizontal Line
1763246208.4691129,0.0,-0.10146295422369041,0.0011928582274702726,-0.10764003822285409,Horizontal Line
1763246208.5023837,0.0,-0.10146295422369041,0.0007214348356517935,-0.104971821342044,Horizontal Line
1763246208.5356188,0.0,-0.10146295422369041,0.00043895292916020656,-0.10352252978679939,Horizontal Line
1763246208.568882,0.0,-0.10146295422369041,0.0002680528784211065,-0.10269458924814207,Horizontal Line
1763246208.6021037,0.0,-0.10146295422369041,0.00016405095306248844,-0.10220739511745394,Horizontal Line
1763246208.636555,0.0,-0.10146295422369041,0.00010054147534346999,-0.10191588229329338,Horizontal Line
1763246208.669774,0.0,-0.1280811986466892,6.16660019982176e-05,-0.11533731949653567,Horizontal Line
1763246208.702993,0.0,-0.10391493475108747,3.784088073697323e-05,-0.11041833759729147,Horizontal Line
1763246208.7362285,0.0,-0.10391493475108747,2.3227897632041196e-05,-0.10762699390062852,Horizontal Line
1763246208.7694817,0.0,-0.10146295422369041,1.426068743413496e-05,-0.10499378993215232,Horizontal Line
1763246208.8026927,0.0,0.0,8.756310675135676e-06,-0.03126594786703717,Horizontal Line
1763246208.8359635,0.0,0.0,5.376910090925789e-06,-0.013163471315806167,Horizontal Line
1763246208.8691995,0.0,0.0,3.3018952409697695e-06,-0.0067659312940334965,Horizontal Line
1763246208.9031951,0.0,0.0,2.0277095566884506e-06,-0.0038016061453458373,Horizontal Line
1763246208.9364262,0.0,0.0,1.2452457423741326e-06,-0.0022217046546021725,Horizontal Line
1763246208.969621,-0.08181344450234496,0.0,-0.05421347916405962,-0.001325625910074385,Horizontal Line
1763246209.0028272,-0.14527981910683999,-0.12153759185980777,-0.11766967919707273,-0.08799707075183306,Horizontal Line
1763246209.0360417,-0.12041884816753923,-0.12507271669575332,-0.1189738000357863,-0.1102537792043424,Horizontal Line
1763246209.071053,-0.23502304147465433,-0.1744568795260039,-0.20150845277975699,-0.15104444088570138,Horizontal Line
1763246209.1042497,-0.24302246426140225,-0.14635806671204896,-0.22679359097960505,-0.149107084117388,Horizontal Line
1763246209.1374876,-0.24302246426140225,-0.14635806671204896,-0.2349908876002288,-0.14801145556398868,Horizontal Line
1763246209.1706653,-0.20252167060677695,-0.24822695035460987,-0.2179470057299627,-0.21749451610233128,Horizontal Line
1763246209.203922,-0.17707442258340458,-0.3122326775021385,-0.19439378055447032,-0.28434065731511987,Horizontal Line
1763246209.2388842,0.0,-0.4072620215897938,-0.0409886383262458,-0.3747161466972109,Horizontal Line
1763246209.2720473,0.09126594700686948,-0.4072620215897938,0.05990828096514406,-0.3940065588050222,Horizontal Line
1763246209.3052864,0.18613333333333335,-0.4426666666666666,0.1549069558667838,-0.4234743084924343,Horizontal Line
1763246209.3385267,0.18613333333333335,-0.4426666666666666,0.17348578082737098,-0.4333762846359431,Horizontal Line
1763246209.3716962,0.18613333333333335,-0.4426666666666666,0.17964882259555592,-0.4376181262324379,Horizontal Line
1763246209.4071736,0.18613333333333335,-0.4426666666666666,0.182473116992251,-0.43975608539240985,Horizontal Line
1763246209.4404507,0.18613333333333335,-0.4426666666666666,0.18398986674114892,-0.44094474954047214,Horizontal Line
1763246209.4737303,0.18613333333333335,-0.4426666666666666,0.18485297782349958,-0.44163240566115664,Horizontal Line
1763246209.5070305,0.18613333333333335,-0.4426666666666666,0.18535991405790264,-0.4420399076901392,Horizontal Line
1763246209.5403168,0.19661971830985916,-0.41126760563380277,0.1904173463454279,-0.4257389707632146,Horizontal Line
1763246209.5735407,0.19661971830985916,-0.41126760563380277,0.19308600121436104,-0.41875481720795005,Horizontal Line
1763246209.6067696,0.19661971830985916,-0.41126760563380277,0.19454519001269416,-0.41544512656014876,Horizontal Line
1763246209.6399977,0.2083582089552239,-0.49552238805970145,0.20094761616941245,-0.46802430888996704,Horizontal Line
1763246209.6731977,0.15809523809523812,-0.5269841269841269,0.1767623747442607,-0.5056775200304355,Horizontal Line
1763246209.7064648,0.2083582089552239,-0.49552238805970145,0.1929570039151744,-0.5017243266206999,Horizontal Line
1763246209.7422676,0.15809523809523812,-0.5269841269841269,0.17471179851208754,-0.5144139282260132,Horizontal Line
1763246209.7755466,0.14865671641791045,-0.5552238805970149,0.16096313173677887,-0.5378236595283594,Horizontal Line
1763246209.8087296,0.2083582089552239,-0.49552238805970145,0.18806398381317377,-0.5145696318515951,Horizontal Line
1763246209.8419564,0.2083582089552239,-0.6149253731343283,0.19848975617865444,-0.5834078785416518,Horizontal Line
1763246209.8753667,0.15809523809523812,-0.6539682539682539,0.17625095800749427,-0.6303434433999404,Horizontal Line
1763246209.9103541,0.1744919411352488,-0.8255080588647512,0.17550433574425817,-0.7851718603683728,Horizontal Line
1763246209.9435823,0.1744919411352488,-0.8255080588647512,0.17510188280585193,-0.8107170707058377,Horizontal Line
1763246209.9779174,0.1744919411352488,-0.8255080588647512,0.1748633419929681,-0.8181591806747086,Horizontal Line
1763246210.0112467,0.0,-0.7408805031446541,0.039083319685350226,-0.768164681843603,Horizontal Line
1763246210.044433,-0.19748427672955973,-0.7408805031446541,-0.15727232837130592,-0.753064848738519,Horizontal Line
1763246210.0776513,-0.28715083798882685,-0.6581005586592179,-0.2571685275125075,-0.6872144681501371,Horizontal Line
1763246210.1108825,-0.3601303639326453,-0.6398696360673547,-0.3321437839709761,-0.6579067012775215,Horizontal Line
1763246210.1441114,-0.3601303639326453,-0.6398696360673547,-0.34830377530740814,-0.6486281382641765,Horizontal Line
1763246210.1774125,-0.3930963420917053,-0.6069036579082947,-0.374878784282783,-0.6245337575207213,Horizontal Line
1763246210.2106085,-0.38360985419808946,-0.5681246857717446,-0.3789777595022019,-0.5894048270225445,Horizontal Line
1763246210.243887,-0.39424394700776605,-0.4705344906349931,-0.38626041077085005,-0.5026191315368306,Horizontal Line
1763246210.2771332,-0.3770205329838357,-0.4062909567496723,-0.38233084708130105,-0.4339398686528803,Horizontal Line
1763246210.31041,-0.3770205329838357,-0.4062909567496723,-0.3800898106338363,-0.4181397412666102,Horizontal Line
1763246210.345129,-0.36123901213897025,-0.34742570113017995,-0.37097293936704695,-0.37242042112580964,Horizontal Line
1763246210.3783388,-0.36123901213897025,-0.34742570113017995,-0.36655948160647533,-0.3587809519807711,Horizontal Line
1763246210.4115355,-0.36123901213897025,-0.34742570113017995,-0.3642918067620401,-0.35342620097401245,Horizontal Line
1763246210.4447386,-0.36123901213897025,-0.34742570113017995,-0.3630412645789627,-0.3508301724762962,Horizontal Line
1763246210.47799,-0.36123901213897025,-0.34742570113017995,-0.3623203422971106,-0.34942569007121754,Horizontal Line
1763246210.5132174,-0.36123901213897025,-0.34742570113017995,-0.3618942736629912,-0.34862384253889966,Horizontal Line
1763246210.5464659,-0.36123901213897025,-0.34742570113017995,-0.36163807292100636,-0.3481503231720909,Horizontal Line
1763246210.5796707,-0.36123901213897025,-0.34742570113017995,-0.36148283059969244,-0.34786657578662156,Horizontal Line
1763246210.6129153,-0.36123901213897025,-0.34742570113017995,-0.3613882784051695,-0.34769492025620996,Horizontal Line
1763246210.6461692,-0.36123901213897025,-0.34742570113017995,-0.36133050482626633,-0.34759046373469393,Horizontal Line
1763246210.6801918,-0.3770205329838357,-0.4062909567496723,-0.36866527087985557,-0.38338576472841246,Horizontal Line
1763246210.713398,-0.3770205329838357,-0.4062909567496723,-0.37237606393568023,-0.3955399567797466,Horizontal Line
1763246210.7465937,-0.36123901213897025,-0.43114273754709076,-0.36747217014862493,-0.41551805904125483,Horizontal Line
1763246210.7797956,-0.40308267164876227,-0.5969173283512378,-0.386806837306249,-0.558149337962307,Horizontal Line
1763246210.8130157,-0.40308267164876227,-0.5969173283512378,-0.39482387460280416,-0.582450432419941,Horizontal Line
1763246210.848435,-0.37383635472807447,-0.6261636452719255,-0.3848679385686405,-0.6082606046824615,Horizontal Line
1763246210.8817027,-0.37383635472807447,-0.6261636452719255,-0.37981324290561036,-0.6173517783524749,Horizontal Line
1763246210.9149544,-0.37383635472807447,-0.6261636452719255,-0.37724082918857693,-0.6213414311737304,Horizontal Line
1763246210.9482422,-0.3509793541556379,-0.5982001058761248,-0.36364507633695164,-0.6099005371442657,Horizontal Line
1763246210.9815218,-0.3509793541556379,-0.5982001058761248,-0.35766054337273717,-0.6044674820264164,Horizontal Line
1763246211.0148242,-0.3173767352800383,-0.4451890856869315,-0.33473506897003025,-0.4826347567429047,Horizontal Line
1763246211.048149,-0.3333333333333333,-0.31674208144796373,-0.33413607425769093,-0.35213546125787787,Horizontal Line
1763246211.081518,-0.3173767352800383,-0.25370990904739105,-0.3261203870088751,-0.28069696272072275,Horizontal Line
1763246211.115173,-0.38360985419808946,0.0,-0.36074794769266866,-0.043678711740528106,Horizontal Line
1763246211.148411,-0.4039174166225516,0.0,-0.3863261350440637,-0.014562356313623383,Horizontal Line
1763246211.1816764,-0.4517465956187093,0.10065127294256963,-0.4284461950504034,0.0694614219321975,Horizontal Line
1763246211.2149322,-0.4801762114537445,0.2957835116425426,-0.46053252393361144,0.25537492558416924,Horizontal Line
1763246211.2481523,-0.5124244459368704,0.38280725319006054,-0.49256559273861045,0.35284473940028693,Horizontal Line
1763246211.2830698,-0.5407512402551382,0.45924875974486185,-0.5215655459334865,0.43002075420737546,Horizontal Line
1763246211.3162909,-0.5049636002647253,0.4950363997352747,-0.5143013706672863,0.4731117857158735,Horizontal Line
1763246211.3494556,-0.5049636002647253,0.4950363997352747,-0.5101469916580175,0.48493402894823856,Horizontal Line
1763246211.382652,-0.5049636002647253,0.4950363997352747,-0.5079481680627368,0.48962736064385715,Horizontal Line
1763246211.4158943,-0.5049636002647253,0.4950363997352747,-0.5067276644508856,0.49194443163363893,Horizontal Line
1763246211.450135,-0.5049636002647253,0.4950363997352747,-0.5060231170962933,0.49321103288774704,Horizontal Line
1763246211.4833043,-0.5407512402551382,0.45924875974486185,-0.5248995094397381,0.47486845579473536,Horizontal Line
1763246211.5166142,-0.5049636002647253,0.4950363997352747,-0.5155932401374971,0.4843175576407149,Horizontal Line
1763246211.54992,-0.4517465956187093,0.21906453522794558,-0.47538165710006014,0.26394274748981583,Horizontal Line
1763246211.583115,-0.38360985419808946,0.0,-0.4116385318589072,0.04044322663348192,Horizontal Line
1763246211.61635,-0.30287802649611695,-0.10507080858839647,-0.3328548722120408,-0.07393882968204568,Horizontal Line
1763246211.6495745,-0.30287802649611695,-0.37916857012334393,-0.31541034367969667,-0.3357271717523963,Horizontal Line
1763246211.6828246,-0.3173767352800383,-0.4451890856869315,-0.31622079079510174,-0.418837702167163,Horizontal Line
1763246211.7169123,-0.3416267942583732,-0.6114832535885167,-0.3290639946287347,-0.5732483022231535,Horizontal Line
1763246211.7501137,-0.3416267942583732,-0.6114832535885167,-0.3349710660485756,-0.5974302468291336,Horizontal Line
1763246211.7833233,-0.28036529680365296,-0.5835616438356165,-0.30234821522288935,-0.5916972157482906,Horizontal Line
1763246211.8165023,-0.2244541484716157,-0.5580786026200873,-0.2502608246395123,-0.5734433596138365,Horizontal Line
1763246211.849712,-0.17322175732217573,-0.5347280334728034,-0.19826197751118602,-0.5512936938988586,Horizontal Line
1763246211.8850603,-0.20642570281124495,-0.5132530120481927,-0.20162911717604065,-0.5297282074195422,Horizontal Line
1763246211.9183176,-0.20642570281124495,-0.5132530120481927,-0.203598163591451,-0.5215307691409375,Horizontal Line
1763246211.9515011,-0.15984555984555981,-0.4934362934362934,-0.17859400591774405,-0.5065833631665948,Horizontal Line
1763246211.984697,-0.15984555984555981,-0.4934362934362934,-0.16907532229025107,-0.5003093975207453,Horizontal Line
1763246212.0179727,-0.15984555984555981,-0.4934362934362934,-0.16487814790987348,-0.49729901334202853,Horizontal Line
1763246212.0512176,-0.15984555984555981,-0.4934362934362934,-0.16274015740085118,-0.49569250859730274,Horizontal Line
1763246212.084436,-0.17322175732217573,-0.5347280334728034,-0.16734711467334365,-0.5174081270145701,Horizontal Line
1763246212.1176317,-0.17322175732217573,-0.5347280334728034,-0.1698564519125894,-0.5260551254473738,Horizontal Line
1763246212.1508017,-0.2244541484716157,-0.5580786026200873,-0.20293051186869182,-0.5435373764297082,Horizontal Line
1763246212.1840024,-0.2198460222412318,-0.5260906757912744,-0.21150998469833504,-0.5356017441532057,Horizontal Line
1763246212.221142,-0.28964613368283093,-0.3189165574486675,-0.2619750629368177,-0.3638803630593507,Horizontal Line
1763246212.2543695,-0.30287802649611695,-0.19643672910004564,-0.28624888498248435,-0.23133552642019622,Horizontal Line
1763246212.2876055,-0.3333333333333333,-0.10048055919615548,-0.3145773928191837,-0.13165399058630606,Horizontal Line
1763246212.3208034,-0.5049636002647253,0.4950363997352747,-0.46577349818160685,0.44372543841631595,Horizontal Line
1763246212.3540263,-0.5049636002647253,0.4950363997352747,-0.49050855406517424,0.48194308168261457,Horizontal Line
1763246212.388128,-0.581998474446987,0.418001525553013,-0.5536842412493893,0.4454421922873184,Horizontal Line
1763246212.4213426,-0.658276125095347,0.341723874904653,-0.6288575568332961,0.37207458417845907,Horizontal Line
1763246212.4545975,-0.6300578034682082,0.36994219653179194,-0.6294302110816631,0.3710593834402851,Horizontal Line
1763246212.487816,-0.6116229624379872,0.3883770375620128,-0.6210955240848803,0.37912814356850133,Horizontal Line
1763246212.521032,-0.5356921166977032,0.4643078833022968,-0.563633244461627,0.4363972315122627,Horizontal Line
1763246212.5542378,-0.5356921166977032,0.4643078833022968,-0.5479441623196561,0.4520630827014362,Horizontal Line
1763246212.5874734,-0.5049636002647253,0.4950363997352747,-0.5227325946820602,0.477268383262085,Horizontal Line
1763246212.6206832,-0.42649524874231415,0.2627166014533259,-0.4555907016121328,0.30544137862336507,Horizontal Line
1763246212.6553645,-0.3193804939305149,-0.13813311008790283,-0.3535373952904923,-0.08899475072780097,Horizontal Line
1763246212.688644,-0.28964613368283093,-0.23154215814766269,-0.3109935492936352,-0.20283730161474384,Horizontal Line
1763246212.7220562,-0.26261762189905896,-0.3122326775021385,-0.2812202497587771,-0.2839015607412405,Horizontal Line
1763246212.7553582,-0.22966934763181407,-0.5049151027703306,-0.24948990812848465,-0.4649653817671944,Horizontal Line
1763246212.788676,-0.28036529680365296,-0.5835616438356165,-0.26490515706709383,-0.5545918605591609,Horizontal Line
1763246212.8233588,-0.2244541484716157,-0.5580786026200873,-0.24275873336254933,-0.5563536265835349,Horizontal Line
1763246212.8567739,-0.2244541484716157,-0.5580786026200873,-0.23358316143524274,-0.5570699990771472,Horizontal Line
1763246212.890187,-0.20642570281124495,-0.5132530120481927,-0.21923210121298403,-0.5320756043847433,Horizontal Line
1763246212.923404,-0.20642570281124495,-0.5132530120481927,-0.21314860030290306,-0.5225182544347312,Horizontal Line
1763246212.9566436,-0.15390334572490702,-0.512267657992565,-0.17640931451296168,-0.5178060066468535,Horizontal Line
1763246212.9902399,-0.20642570281124495,-0.5132530120481927,-0.19122554923344123,-0.5158812607980953,Horizontal Line
1763246213.0234804,-0.20642570281124495,-0.5132530120481927,-0.19852438862168525,-0.5148123796890952,Horizontal Line
1763246213.0567062,-0.20642570281124495,-0.5132530120481927,-0.20203067526365265,-0.5141914835468812,Horizontal Line
1763246213.0899265,-0.2244541484716157,-0.5580786026200873,-0.21333947622096472,-0.5393221864736871,Horizontal Line
1763246213.123131,-0.28036529680365296,-0.5835616438356165,-0.256219805438466,-0.5654914568123469,Horizontal Line
1763246213.158324,-0.3190348525469168,-0.5049151027703306,-0.2962210222328308,-0.529652715190127,Horizontal Line
1763246218.2446566,-0.40308267164876227,-0.5969173283512378,-0.38348525230522035,-0.5647513612857142,Vertical Line
1763246218.2778728,-0.40308267164876227,-0.5969173283512378,-0.39368139110488753,-0.5842144666213368,Vertical Line
1763246218.31112,-0.37168949771689497,-0.5835616438356165,-0.38311846760612756,-0.5839364463450862,Vertical Line
1763246218.344375,-0.37168949771689497,-0.5835616438356165,-0.37784987912310786,-0.5837904906718627,Vertical Line
1763246218.377626,-0.3117903930131004,-0.5580786026200873,-0.33593178867943085,-0.5706444880747326,Vertical Line
1763246218.4108524,-0.37168949771689497,-0.5835616438356165,-0.35432737832964356,-0.5763116342458205,Vertical Line
1763246218.4440827,-0.3117903930131004,-0.5580786026200873,-0.3305873564754084,-0.567651368724458,Vertical Line
1763246218.4773345,-0.37168949771689497,-0.5835616438356165,-0.35310133440718816,-0.574960252757023,Vertical Line
1763246218.5105734,-0.37168949771689497,-0.5835616438356165,-0.36244845607250986,-0.578780404894631,Vertical Line
1763246218.5449567,-0.40308267164876227,-0.5969173283512378,-0.3855794009296403,-0.5875571975575189,Vertical Line
1763246218.5781794,-0.39424394700776605,-0.5619004111466422,-0.3895977403531379,-0.5747003297245212,Vertical Line
1763246218.6113977,-0.3467255926074728,-0.3736440337484933,-0.3654028773745816,-0.414173484717593,Vertical Line
1763246218.644592,-0.3209371513573819,-0.2714763852733358,-0.3391159653335719,-0.30378965996996254,Vertical Line
1763246218.6778119,-0.30942990319110786,-0.15417712441735384,-0.322772077416238,-0.1877804447276772,Vertical Line
1763246218.7129436,-0.3333333333333333,0.0,-0.3271547960329867,-0.038218530937180306,Vertical Line
1763246218.746147,-0.3333333333333333,0.0,-0.3297830805202826,-0.01413782778617703,Vertical Line
1763246218.7793825,-0.3467255926074728,0.0,-0.337901439968485,-0.007046042792953425,Vertical Line
1763246218.8126082,-0.4338863750628456,0.28657616892911014,-0.404208980065364,0.24119705558414808,Vertical Line
1763246218.845849,-0.4568554790894653,0.3546850185283219,-0.43740944754736133,0.3272974090419709,Vertical Line
1763246218.879976,-0.5043834015195792,0.49561659848042083,-0.4808029629805351,0.45939678640264153,Vertical Line
1763246218.9131844,-0.5043834015195792,0.49561659848042083,-0.49356476578952857,0.48186580651421695,Vertical Line
1763246218.9463847,-0.5043834015195792,0.49561659848042083,-0.4986307806047343,0.48870980307228445,Vertical Line
1763246218.979663,-0.4765323025952512,0.5234676974047487,-0.48784384397383007,0.5079801867791083,Vertical Line
1763246219.0128982,-0.5043834015195792,0.49561659848042083,-0.4954595208770036,0.5027001575569178,Vertical Line
1763246219.0461602,-0.48239239798770256,0.4304080491894914,-0.48961036786773504,0.45602094075739935,Vertical Line
1763246219.0793872,-0.39424394700776605,0.16902695294655098,-0.4239616733087368,0.2133560765354357,Vertical Line
1763246219.112603,-0.3770205329838357,0.11795543905635653,-0.39499604313928216,0.14273153898858945,Vertical Line
1763246219.146692,-0.3467255926074728,0.0,-0.3657984655115237,0.03395946050271259,Vertical Line
1763246219.1798897,-0.3333333333333333,0.0,-0.3475579154099953,0.013389284430625712,Vertical Line
1763246219.213103,-0.3209371513573819,-0.12272220156191889,-0.333304110751751,-0.08847476060651797,Vertical Line
1763246219.2463567,-0.3209371513573819,-0.19709929341762733,-0.3274396213023677,-0.16790747501935632,Vertical Line
1763246219.2795913,-0.3209371513573819,-0.2714763852733358,-0.32460685362273034,-0.24274589431289967,Vertical Line
1763246219.3148599,-0.3467255926074728,-0.3736440337484933,-0.335374189863081,-0.34017907067894365,Vertical Line
1763246219.348071,-0.3770205329838357,-0.4936653560506771,-0.3593138074291157,-0.4591499562526927,Vertical Line
1763246219.3812804,-0.36371760500446826,-0.549597855227882,-0.36127045589824214,-0.5236936021595822,Vertical Line
1763246219.414469,-0.37168949771689497,-0.5835616438356165,-0.36597102906146534,-0.5626429748139369,Vertical Line
1763246219.4476738,-0.3117903930131004,-0.5580786026200873,-0.3335830048007874,-0.5607273984060762,Vertical Line
1763246219.4808898,-0.25690376569037654,-0.5347280334728034,-0.28248544240258594,-0.5474754824299446,Vertical Line
1763246219.514089,-0.25690376569037654,-0.5347280334728034,-0.26835495443077906,-0.5414623326886032,Vertical Line
1763246219.5472755,-0.27567567567567564,-0.532046332046332,-0.2712781405071483,-0.5372243860695007,Vertical Line
1763246219.5804362,-0.24658634538152607,-0.5534136546184739,-0.2587681902451363,-0.544741663780064,Vertical Line
1763246219.613609,-0.23706563706563702,-0.4934362934362934,-0.2477162972614878,-0.5145157414304942,Vertical Line
1763246219.6500597,-0.24658634538152607,-0.5534136546184739,-0.2472505044928826,-0.5348568296150857,Vertical Line
1763246219.6832855,-0.25690376569037654,-0.5347280334728034,-0.25146769316726203,-0.5348042238313775,Vertical Line
1763246219.7164974,-0.25690376569037654,-0.5347280334728034,-0.25377470683187253,-0.5347746158117798,Vertical Line
1763246219.7496722,-0.29874476987447696,-0.5765690376569038,-0.2798343297835433,-0.5584934790527358,Vertical Line
1763246219.782892,-0.3117903930131004,-0.5580786026200873,-0.2976046414685995,-0.5583204498250753,Vertical Line
1763246219.8161378,-0.3117903930131004,-0.5580786026200873,-0.30449820123333105,-0.5582264003992524,Vertical Line
1763246219.8493612,-0.3467255926074728,-0.3736440337484933,-0.3288386720522921,-0.4134356107337793,Vertical Line
1763246219.8825595,-0.3209371513573819,-0.2714763852733358,-0.3257064121458202,-0.30403952912092935,Vertical Line
1763246219.9166946,-0.3209371513573819,-0.19709929341762733,-0.3237295286529494,-0.2259905317570304,Vertical Line
1763246219.9498951,-0.3209371513573819,-0.12272220156191889,-0.32259450305610027,-0.15141596881949076,Vertical Line
1763246219.9831185,-0.3333333333333333,0.0,-0.3273532452507043,-0.03465460228986889,Vertical Line
1763246220.0163975,-0.39424394700776605,0.16902695294655098,-0.3698386555584099,0.13075701960439834,Vertical Line
1763246220.0496056,-0.4338863750628456,0.28657616892911014,-0.41122668993476796,0.25327367414069246,Vertical Line
1763246220.0848336,-0.5043834015195792,0.49561659848042083,-0.4755085461948727,0.4536602302644045,Vertical Line
1763246220.118175,-0.5043834015195792,0.49561659848042083,-0.49192202726379153,0.4810480213845394,Vertical Line
1763246220.15151,-0.5043834015195792,0.49561659848042083,-0.49791173170014547,0.48846483802001445,Vertical Line
1763246220.1847806,-0.4765323025952512,0.5234676974047487,-0.4875763805928484,0.5079433756856944,Vertical Line
1763246220.2179978,-0.5043834015195792,0.49561659848042083,-0.49534911310409885,0.5026868714073123,Vertical Line
1763246220.2512038,-0.4765323025952512,0.5234676974047487,-0.48641704815064857,0.5128203160850491,Vertical Line
1763246220.2844362,-0.48239239798770256,0.4304080491894914,-0.4847164161295971,0.45855310919016595,Vertical Line
1763246220.317742,-0.39424394700776605,0.0,-0.4232885527897502,0.04946808528140007,Vertical Line
1763246220.3510537,-0.3209371513573819,-0.12272220156191889,-0.35019791586418353,-0.09129711205229268,Vertical Line
1763246220.3843336,-0.3209371513573819,-0.12272220156191889,-0.3333273563326632,-0.11094773733965685,Vertical Line
1763246220.4199138,-0.29470838161452295,-0.2819621475473155,-0.31137356685388473,-0.24288679068055896,Vertical Line
1763246220.4531221,-0.3209371513573819,-0.2714763852733358,-0.31527761144032707,-0.2599124789943573,Vertical Line
1763246220.4863691,-0.3333333333333333,-0.3205870992661259,-0.32398354671244656,-0.29838978351091966,Vertical Line
1763246220.5220652,-0.2928630024610336,-0.4634946677604594,-0.30797512321541354,-0.4249834629640349,Vertical Line
1763246220.5553634,-0.3117903930131004,-0.5580786026200873,-0.30945152958967376,-0.5260845045755159,Vertical Line
1763246220.5886486,-0.25690376569037654,-0.5347280334728034,-0.2780611827399586,-0.530644508981596,Vertical Line
1763246220.6218493,-0.25690376569037654,-0.5347280334728034,-0.26702120371083393,-0.5324105373612507,Vertical Line
1763246220.6551018,-0.24658634538152607,-0.5534136546184739,-0.2566777343034846,-0.5428542885035961,Vertical Line
1763246220.688277,-0.25690376569037654,-0.5347280334728034,-0.25676915012242174,-0.5394758880031639,Vertical Line
1763246220.721465,-0.3117903930131004,-0.5580786026200873,-0.28995647067798047,-0.5483933201581632,Vertical Line
1763246220.7559905,-0.34816082121471337,-0.4833190761334474,-0.32631689722474966,-0.5082532949778711,Vertical Line
1763246220.7891643,-0.33388022969647246,-0.4224774405250205,-0.3298872950120858,-0.4495819654026624,Vertical Line
1763246220.822381,-0.3467255926074728,-0.3736440337484933,-0.33804426117534436,-0.39831157492909086,Vertical Line
1763246220.8555558,-0.3209371513573819,-0.2714763852733358,-0.3301093951752787,-0.30399980435327284,Vertical Line
1763246220.8887703,-0.2837486054295277,-0.23428783934548156,-0.30292641363797324,-0.2569372406939917,Vertical Line
1763246220.922033,-0.29470838161452295,-0.20471224410969482,-0.299101677064304,-0.22421079865706636,Vertical Line
1763246220.9552975,-0.3333333333333333,0.0,-0.31743282220282987,-0.041321186937437145,Vertical Line
1763246220.988568,-0.36123901213897025,0.0,-0.3430925603962336,-0.014637504161367405,Vertical Line
1763246221.0227456,-0.5043834015195792,0.49561659848042083,-0.46682358352674075,0.44399690082661936,Vertical Line
1763246221.0559833,-0.5043834015195792,0.49561659848042083,-0.48997550590016997,0.48129287969474144,Vertical Line
1763246221.0891926,-0.5043834015195792,0.49561659848042083,-0.49717169190688265,0.4889024091987908,Vertical Line
1763246221.1223967,-0.5043834015195792,0.49561659848042083,-0.5003697278987049,0.491901494648031,Vertical Line
1763246221.1556318,-0.4765323025952512,0.5234676974047487,-0.4884870883233068,0.5089057538175763,Vertical Line
1763246221.188847,-0.5043834015195792,0.49561659848042083,-0.4957324896299273,0.503119820037994,Vertical Line
1763246221.2220368,-0.5043834015195792,0.49561659848042083,-0.4995728731148682,0.4998545871841456,Vertical Line
1763246221.255211,-0.5043834015195792,0.49561659848042083,-0.5016031713989174,0.4980847322166786,Vertical Line
1763246221.2883809,-0.36123901213897025,0.0,-0.3971551810650096,0.05092870925204275,Vertical Line
1763246221.3215744,-0.3467255926074728,0.0,-0.3649651284953067,0.014228946826363222,Vertical Line
1763246221.3547764,-0.30654881478505425,-0.1727601446364001,-0.32788373133342613,-0.1349764360829881,Vertical Line
1763246221.3880513,-0.2837486054295277,-0.23428783934548156,-0.301405117773306,-0.20746165846326464,Vertical Line
1763246221.4212763,-0.30654881478505425,-0.3334672559260747,-0.30345772157585693,-0.3017178752851284,Vertical Line
1763246221.4544766,-0.3333333333333333,-0.4499781564001747,-0.319182206430644,-0.4160533306899951,Vertical Line
1763246221.4876647,-0.37168949771689497,-0.5835616438356165,-0.35111614268743796,-0.5482271384573905,Vertical Line
1763246221.5208805,-0.37168949771689497,-0.5835616438356165,-0.36185005588144775,-0.5701380742782786,Vertical Line
1763246221.5541055,-0.3117903930131004,-0.5580786026200873,-0.3328106151938679,-0.5652261562319785,Vertical Line
1763246221.5872405,-0.3117903930131004,-0.5580786026200873,-0.3219176993700691,-0.5621551595174673,Vertical Line
1763246221.6204743,-0.3117903930131004,-0.5580786026200873,-0.3172501255951742,-0.5604598076700712,Vertical Line
1763246221.6536982,-0.3117903930131004,-0.5580786026200873,-0.3149129064201429,-0.559497123204622,Vertical Line
1763246221.6869233,-0.37168949771689497,-0.5835616438356165,-0.34931973827988505,-0.5716130650077365,Vertical Line
1763246221.720178,-0.3333333333333333,-0.4499781564001747,-0.3423960165665178,-0.48416441586594094,Vertical Line
1763246221.753405,-0.30654881478505425,-0.3334672559260747,-0.32261129439205616,-0.36809712170332953,Vertical Line
1763246221.786612,-0.30654881478505425,-0.2531137002812374,-0.3146884632851227,-0.282755058407949,Vertical Line
1763246221.81979,-0.3333333333333333,0.0,-0.3234450763763828,-0.04312313369433524,Vertical Line
1763246221.853,-0.3193804939305149,0.0,-0.32183001073361284,-0.014331968623728106,Vertical Line
1763246221.8862224,-0.39424394700776605,0.0,-0.3684329548464495,-0.006985379050651683,Vertical Line
1763246221.9194858,-0.5043834015195792,0.49561659848042083,-0.4704412137956057,0.44472878608765415,Vertical Line
1763246221.9526715,-0.5043834015195792,0.49561659848042083,-0.49085574671989385,0.48144972742437636,Vertical Line
1763246221.9858534,-0.57114493712773,0.42885506287227004,-0.5449137510586116,0.45256915583556356,Vertical Line
1763246222.019094,-0.5043834015195792,0.49561659848042083,-0.5237522495210691,0.4764787918568089,Vertical Line
1763246222.0523121,-0.5043834015195792,0.49561659848042083,-0.5140286793291143,0.4861699085634048,Vertical Line
1763246222.0854402,-0.5043834015195792,0.49561659848042083,-0.509630292933068,0.49047546720817464,Vertical Line
1763246222.1186335,-0.5043834015195792,0.49561659848042083,-0.5073939610528878,0.4926636069513992,Vertical Line
1763246222.1534424,-0.3770205329838357,0.11795543905635653,-0.41250368297890283,0.16826630444986368,Vertical Line
1763246222.1866205,-0.30654881478505425,0.0,-0.33565512603695735,0.03250633552736712,Vertical Line
1763246222.2198458,-0.30654881478505425,-0.1727601446364001,-0.318781363892655,-0.1351949179893552,Vertical Line
1763246222.2530627,-0.29470838161452295,-0.2819621475473155,-0.3060406863444256,-0.24970572830006002,Vertical Line
1763246222.2864027,-0.30654881478505425,-0.3334672559260747,-0.3062478182830256,-0.30876822998483533,Vertical Line
1763246222.3204615,-0.37168949771689497,-0.5835616438356165,-0.3471022697623326,-0.5395506085889701,Vertical Line
1763246222.3536305,-0.29874476987447696,-0.5765690376569038,-0.3199849088833623,-0.5636570582398738,Vertical Line
1763246222.3868258,-0.24658634538152607,-0.5534136546184739,-0.2717583893172847,-0.5596936178487143,Vertical Line
1763246222.4200108,-0.25690376569037654,-0.5347280334728034,-0.2641579168657477,-0.5469917661062103,Vertical Line
1763246222.4532442,-0.19845559845559843,-0.532046332046332,-0.22228206786081905,-0.5397980252985592,Vertical Line
1763246222.4885232,-0.25690376569037654,-0.5347280334728034,-0.2396380088105809,-0.537629537117762,Vertical Line
1763246222.5216932,-0.25690376569037654,-0.5347280334728034,-0.2481046618676989,-0.5364427898297642,Vertical Line
1763246222.5549216,-0.3117903930131004,-0.5580786026200873,-0.2883166066267586,-0.5471099045399572,Vertical Line
1763246222.5881596,-0.34816082121471337,-0.4833190761334474,-0.3264246103011802,-0.5076539920024405,Vertical Line
1763246222.6213982,-0.30654881478505425,-0.3334672559260747,-0.31760321128972946,-0.3712906287237824,Vertical Line
1763246222.6546898,-0.29470838161452295,-0.2819621475473155,-0.30601789667814683,-0.307546741703133,Vertical Line
1763246222.6878948,-0.29470838161452295,-0.12746234067207413,-0.3007649320556636,-0.16479413207813925,Vertical Line
1763246222.7210636,-0.30654881478505425,0.0,-0.303126447677341,-0.03461940918390736,Vertical Line
1763246222.755431,-0.4131163235998085,0.22498803255146008,-0.3804936224751467,0.18279542832507148,Vertical Line
1763246222.7886367,-0.48239239798770256,0.4304080491894914,-0.4535345716403455,0.39105180696683595,Vertical Line
1763246222.8217833,-0.5043834015195792,0.49561659848042083,-0.48569656512690895,0.4693344616108267,Vertical Line
1763246222.8549635,-0.5043834015195792,0.49561659848042083,-0.49541503255917285,0.4845753971600074,Vertical Line
1763246222.8881855,-0.5043834015195792,0.49561659848042083,-0.4995017606938134,0.48984108101658297,Vertical Line
1763246222.9213843,-0.5043834015195792,0.49561659848042083,-0.5015725259925503,0.4923379043827051,Vertical Line
1763246222.9545753,-0.3485609867519415,0.1233439926907264,-0.3857692305194409,0.17166599432298002,Vertical Line
1763246222.987782,-0.30654881478505425,0.0,-0.330830723301674,0.032664720878919626,Vertical Line
1763246223.0210218,-0.2837486054295277,-0.1599107474897731,-0.3017156062435248,-0.12334596300925635,Vertical Line
1763246223.0542576,-0.30654881478505425,-0.2531137002812374,-0.30368166477833847,-0.2225389884610571,Vertical Line
1763246223.0903552,-0.24302246426140228,-0.14635806671204896,-0.26683772895887536,-0.17792792791529566,Vertical Line
1763246223.12357,-0.3085670962850644,-0.31463229719484453,-0.28945300851576855,-0.27819250330433487,Vertical Line
1763246223.1567867,-0.2813238770685579,-0.40583136327817176,-0.28614888526933263,-0.3739433349695688,Vertical Line
1763246223.190002,-0.25690376569037654,-0.5347280334728034,-0.2707421654963723,-0.49960853144355916,Vertical Line
1763246223.2232022,-0.25690376569037654,-0.5347280334728034,-0.26410808903852595,-0.5212554093468952,Vertical Line
1763246228.320196,-0.27412670219064533,0.0,-0.26624540044354994,-0.0003036430585133483,Square
1763246228.3540585,-0.31470095025153716,0.0,-0.29489555323765926,-0.00018575920773718352,Square
1763246228.387463,-0.3333333333333333,0.0,-0.3170763763936416,-0.00011380937237413331,Square
1763246228.4207373,-0.3652465294399234,0.0,-0.346086476200105,-6.979151831919293e-05,Square
1763246228.4539883,-0.3485609867519415,0.0,-0.34717879201950297,-4.282255944031417e-05,Square
1763246228.4872925,-0.36123901213897025,0.0,-0.35375776579073903,-2.628413980323024e-05,Square
1763246228.5215466,-0.3333333333333333,0.0,-0.34398743595325654,-1.6136546793955948e-05,Square
1763246228.5547602,-0.3333333333333333,0.0,-0.3391178292575124,-9.907891892515676e-06,Square
1763246228.5880227,-0.3333333333333333,0.0,-0.3366351747839223,-6.083961800271765e-06,Square
1763246228.6212878,-0.3209371513573819,-0.12272220156191889,-0.32919456255639584,-0.0888967834091295,Square
1763246228.6546826,-0.30942990319110786,0.0,-0.3193789894286423,-0.031786339271568875,Square
1763246228.687975,-0.3209371513573819,-0.12272220156191889,-0.31999403374388863,-0.09188049131892226,Square
1763246228.721197,-0.3209371513573819,-0.12272220156191889,-0.3203622323906831,-0.10938692624454283,Square
1763246228.7544382,-0.3209371513573819,-0.12272220156191889,-0.32058645354872406,-0.11584746264068482,Square
1763246228.7881477,-0.30942990319110786,0.0,-0.31560671071856117,-0.03359471030680953,Square
1763246228.821385,-0.3209371513573819,-0.12272220156191889,-0.3177845859881369,-0.09125011305403466,Square
1763246228.854611,-0.30942990319110786,-0.15417712441735384,-0.31418760244244925,-0.1318639361250853,Square
1763246228.8878489,-0.2987192800276912,-0.18345448251990304,-0.306868592697788,-0.16386295223725972,Square
1763246228.9211085,-0.2987192800276912,-0.18345448251990304,-0.3032512695813916,-0.17406076471312765,Square
1763246228.9566197,-0.30942990319110786,-0.22588741484403008,-0.3057939333393487,-0.2050080402123456,Square
1763246228.9898686,-0.3209371513573819,-0.2714763852733358,-0.3129033659812098,-0.24798248943392598,Square
1763246229.0230863,-0.30942990319110786,-0.22588741484403008,-0.311535333598866,-0.2380010276861244,Square
1763246229.0563385,-0.3209371513573819,-0.2714763852733358,-0.3156511753738336,-0.2558857020496985,Square
1763246229.089539,-0.3333333333333333,-0.3205870992661259,-0.32420774322714835,-0.29710971155792393,Square
1763246229.1243134,-0.3333333333333333,-0.3205870992661259,-0.3283000139697837,-0.30966278790269647,Square
1763246229.1574993,-0.3333333333333333,-0.3205870992661259,-0.33043377770070625,-0.3147709021416609,Square
1763246229.190699,-0.3719582850521436,-0.3592120509849362,-0.354067920489742,-0.3406035751057095,Square
1763246229.2239282,-0.3333333333333333,-0.3205870992661259,-0.34441283740103557,-0.33140389191401687,Square
1763246229.2571456,-0.3581256972852361,-0.30866493120119,-0.35058580251413574,-0.31986703190350413,Square
1763246229.2916045,-0.3719582850521436,-0.3592120509849362,-0.3612218786437299,-0.3412634338888826,Square
1763246229.3247938,-0.36123901213897025,-0.43114273754709076,-0.36122880359209825,-0.40282214732825833,Square
1763246229.3580484,-0.3770205329838357,-0.4936653560506771,-0.36867656447018105,-0.46631311737007586,Square
1763246229.3913212,-0.39424394700776605,-0.5619004111466422,-0.38195857587043275,-0.5339343932685869,Square
1763246229.4245174,-0.39424394700776605,-0.5619004111466422,-0.387747508379209,-0.5499013844711551,Square
1763246229.4595778,-0.3053892215568862,-0.5260906757912746,-0.3341302221641531,-0.5386225964607667,Square
1763246229.4927793,-0.3053892215568862,-0.5260906757912746,-0.3180648709282207,-0.5327914544608265,Square
1763246229.526065,-0.21082854799015582,-0.4634946677604593,-0.24180044145551016,-0.4883321678477654,Square
1763246229.559327,-0.17707442258340458,-0.48331907613344727,-0.19912800583655796,-0.48600056665424823,Square
1763246229.5925574,-0.12879409351927806,-0.4634946677604593,-0.15259582296256657,-0.47458926077580976,Square
1763246229.627467,-0.08777686628383918,-0.4224774405250204,-0.11078732029590238,-0.4433855216613596,Square
1763246229.6606708,-0.1403038427167113,-0.5049151027703306,-0.1251436248636827,-0.4804416695409657,Square
1763246229.693946,0.0,-0.5049151027703306,-0.034540056260769725,-0.493524766527737,Square
1763246229.7271564,-0.09562109025915994,-0.46023235031277915,-0.06964423889877001,-0.476083872533238,Square
1763246229.7603886,0.0,-0.4405474764756201,-0.02613286491837316,-0.45618333191177,Square
1763246229.7936034,0.0,-0.46023235031277915,-0.011894072713820873,-0.4577794741978352,Square
1763246229.8269463,0.0,-0.3882132834424695,-0.006260769233689873,-0.41339725329053645,Square
1763246229.860183,0.0,-0.4072620215897938,-0.003541768502110927,-0.4105183797617768,Square
1763246229.894031,0.0,-0.3091265947006869,-0.002078290533018795,-0.33997156681705304,Square
1763246229.9272351,0.0,-0.23681858802502226,-0.0012425053213525965,-0.2659576227227901,Square
1763246229.9605422,-0.11042311661506705,-0.2734778121775025,-0.07830235186550762,-0.26922531037881603,Square
1763246229.9938567,-0.11042311661506705,-0.17027863777089774,-0.09700633189716179,-0.2006538289040103,Square
1763246230.0271418,-0.11042311661506705,-0.17027863777089774,-0.10354959143956265,-0.18322260813864355,Square
1763246230.0620594,-0.11042311661506705,0.0,-0.10656040589011903,-0.04008164420353497,Square
1763246230.0952883,-0.11042311661506705,0.0,-0.1081669670084091,-0.014921186564253456,Square
1763246230.12852,-0.11042311661506705,0.0,-0.10907746292025026,-0.007397882319370714,Square
1763246230.1618648,-0.1540726202158979,0.0,-0.1350583358904922,-0.0041055135211635575,Square
1763246230.1952524,-0.2136222910216718,0.0,-0.18747912677329967,-0.0023885790232227593,Square
1763246230.230317,-0.30127576054955835,0.0,-0.26945778787316926,-0.0014237502324378926,Square
1763246230.2636569,-0.3333333333333333,0.0,-0.31156488378782576,-0.0008585901203580667,Square
1763246230.2969985,-0.3333333333333333,0.0,-0.3232625002722554,-0.0005215000320987012,Square
1763246230.3302186,-0.3485609867519415,0.0,-0.3365957011464896,-0.00031812196883314624,Square
1763246230.363502,-0.36123901213897025,0.0,-0.3494838660491212,-0.00019456901742442525,Square
1763246230.3980598,-0.36123901213897025,0.0,-0.3549761740503714,-0.00011920010853135908,Square
1763246230.4313107,-0.3467255926074728,0.0,-0.3514983624109768,-7.309271979538989e-05,Square
1763246230.4645944,-0.3467255926074728,0.0,-0.3495007394214803,-4.484627118769974e-05,Square
1763246230.4978015,-0.3209371513573819,0.0,-0.3344928152825663,-2.7525530567717326e-05,Square
1763246230.5310612,-0.3209371513573819,-0.12272220156191889,-0.3280158846464903,-0.08890156909780154,Square
1763246230.5643094,-0.3209371513573819,-0.12272220156191889,-0.3249070898976923,-0.10894168044857146,Square
1763246230.5975213,-0.3209371513573819,-0.19709929341762733,-0.3232528469163568,-0.169381396128348,Square
1763246230.6307843,-0.30942990319110786,-0.15417712441735384,-0.31684012281611573,-0.1633200068919647,Square
1763246230.6639764,-0.30942990319110786,-0.22588741484403008,-0.31358854984319073,-0.20223536326192412,Square
1763246230.6972582,-0.30942990319110786,-0.22588741484403008,-0.3118517570021192,-0.21490265094302463,Square
1763246230.7305067,-0.30942990319110786,-0.22588741484403008,-0.31087148581355195,-0.22004279625757475,Square
1763246230.7638147,-0.3209371513573819,-0.2714763852733358,-0.31529821721969364,-0.2509014897335108,Square
1763246230.7972126,-0.36123901213897025,-0.43114273754709076,-0.3420606985164848,-0.3925744126774366,Square
1763246230.8316467,-0.3770205329838357,-0.4936653560506771,-0.36171394739397106,-0.4658758560830576,Square
1763246230.8648915,-0.39424394700776605,-0.5619004111466422,-0.379778036261058,-0.5342266159422674,Square
1763246230.902059,-0.40308267164876227,-0.5969173283512378,-0.39173324947816546,-0.5744913090018062,Square
1763246230.9354649,-0.40308267164876227,-0.5969173283512378,-0.39701618057726784,-0.5864985284309083,Square
1763246230.9690397,-0.40308267164876227,-0.5969173283512378,-0.39963493501537295,-0.5913412763234391,Square
1763246231.0024123,-0.3991266375545851,-0.5580786026200873,-0.3994369379191862,-0.573653895794479,Square
1763246231.0358026,-0.37168949771689497,-0.5835616438356165,-0.3850461653568944,-0.5777996719558841,Square
1763246231.0690706,-0.25690376569037654,-0.5347280334728034,-0.2908230885928691,-0.5533127638787816,Square
1763246231.1024647,-0.20642570281124495,-0.5132530120481927,-0.23205204844854566,-0.5301330620436895,Square
1763246231.1358378,-0.20642570281124495,-0.5132530120481927,-0.21769914178660815,-0.5216729979081682,Square
1763246231.1690414,-0.12123552123552123,-0.532046332046332,-0.15054128996245236,-0.5261050538537578,Square
1763246231.2022629,-0.12610441767068273,-0.5132530120481927,-0.13693918823928508,-0.5203073625732323,Square
1763246231.235542,-0.08953974895397489,-0.5347280334728034,-0.10860278089032481,-0.5268763212502124,Square
1763246231.2689416,0.0,-0.5347280334728034,-0.03095259857901721,-0.5303277053058397,Square
1763246231.302266,0.0,-0.5347280334728034,-0.012951046420087917,-0.5321716604530826,Square
1763246231.3360026,0.08310991957104558,-0.549597855227882,0.053790053546710334,-0.5405267895855562,Square
1763246231.369208,0.12779267202859695,-0.5049151027703306,0.10362946130930553,-0.5213301808455965,Square
1763246231.4025264,0.18054256314312442,-0.5285313376987838,0.15554265836697617,-0.524222297169874,Square
1763246231.4357765,0.165098374679213,-0.3977758768177929,0.16027941419763533,-0.4321010050113493,Square
1763246231.4690375,0.17247542448614833,-0.3708668453976764,0.1659735387014033,-0.391920652486593,Square
1763246231.5023074,0.12779267202859695,-0.326184092940125,0.14501916152745892,-0.34904821469579084,Square
1763246231.5356765,0.08699719363891488,-0.2478952291861552,0.10887926192555333,-0.27727762928453553,Square
1763246231.568917,0.0,-0.23681858802502226,0.030719606149695603,-0.2527649930644149,Square
1763246231.6021812,0.0,0.0,0.012842799349266432,-0.04304591967125772,Square
1763246231.6354506,0.0,0.0,0.006611772408525821,-0.014780630895574699,Square
1763246231.6686869,0.0,0.0,0.0037159908513761703,-0.00722531874453322,Square
1763246231.702066,0.0,0.0,0.0021738695639798348,-0.004007486027703759,Square
1763246231.7353244,0.0,0.0,0.00129792575095468,-0.002333174453637858,Square
1763246231.7694395,-0.0811220621683093,0.0,-0.05312870044128907,-0.0013907396703199645,Square
1763246231.802728,-0.11468224981738492,0.0,-0.09278721267597327,-0.0008389382588661318,Square
1763246231.8400378,-0.2327520849128127,0.14025777103866569,-0.19615226073393288,0.10193971899690446,Square
1763246231.8732405,-0.27065959059893857,0.17816527672479154,-0.2469777893971703,0.15400309705644993,Square
1763246231.906454,-0.29470838161452295,0.2587871765160294,-0.27646059726226474,0.22925377409906106,Square
1763246231.939651,-0.3467255926074728,0.26918441141020494,-0.32258945099422087,0.2534877424604455,Square
1763246231.972895,-0.3209371513573819,0.24916325771662332,-0.3218667049247345,0.25173197748019166,Square
1763246232.00698,-0.2987192800276912,0.16268605053651786,-0.3104339042254989,0.19200812222153485,Square
1763246232.0402396,-0.2887253261960522,0.1237872198059552,-0.29942003027234176,0.1470427086335275,Square
1763246232.073478,-0.2887253261960522,0.0,-0.2944817989012433,0.034964490036690034,Square
1763246232.1066775,-0.27061774851050485,0.0,-0.2822617991688775,0.013695262870454774,Square
1763246232.139914,-0.2793784396244739,0.0,-0.28104207594446423,0.006921559384602469,Square
1763246232.1752007,-0.27061774851050485,0.0,-0.27639990047277074,0.0038825347018808945,Square
1763246232.2084577,-0.2793784396244739,-0.10683068954354157,-0.27757643381285263,-0.07477717738615418,Square
1763246232.241777,-0.2887253261960522,-0.14386082301773165,-0.2825761399660691,-0.12085493090666055,Square
1763246232.2750149,-0.2987192800276912,-0.18345448251990304,-0.2902980154652283,-0.16139630690459808,Square
1763246232.3082488,-0.30942990319110786,-0.22588741484403008,-0.2997672937176371,-0.20322921674999972,Square
1763246232.341465,-0.3209371513573819,-0.2714763852733358,-0.31046775556006156,-0.2480177530287927,Square
1763246232.3746555,-0.33388022969647246,-0.4224774405250205,-0.32254104946989015,-0.3849864320170427,Square
1763246232.4079273,-0.27065959059893857,-0.42835481425322214,-0.2921548297193206,-0.4125856647592758,Square
1763246232.4416497,-0.2518457752255947,-0.5045118949958982,-0.26875347561661317,-0.4763133594303445,Square
1763246232.4748864,-0.20252167060677695,-0.4846335697399527,-0.22607292952363378,-0.4804484369160087,Square
1763246232.508145,-0.16312056737588648,-0.4452324665090622,-0.18546890887283365,-0.46159010198254957,Square
1763246232.5414045,-0.11468224981738492,-0.37618699780861936,-0.1387171333008051,-0.40380580148361467,Square
1763246232.574674,0.0,-0.3031409788166544,-0.03408951105066829,-0.33215588733135454,Square
1763246232.6103585,0.0,-0.27672479150871865,-0.013738691837139022,-0.2970806387387631,Square
1763246232.6439302,0.0,-0.23881728582259282,-0.006983679729315914,-0.2602427155272974,Square
1763246232.6774466,0.11268715524034673,-0.24822695035460987,0.07953962555028855,-0.2543187557826335,Square
1763246232.7106938,0.18141414141414142,-0.2141414141414141,0.15280864507416517,-0.2313804496192998,Square
1763246232.7439106,0.18141414141414142,-0.1333333333333333,0.16929589324046498,-0.16282357196407043,Square
1763246232.7779744,0.14694736842105263,-0.1389473684210526,0.1588133569375514,-0.14960079361703343,Square
1763246232.8112478,0.14694736842105263,-0.1389473684210526,0.15333844691549167,-0.14459600382905846,Square
1763246232.8444624,0.14694736842105263,-0.1389473684210526,0.15057049293338773,-0.14216434226225313,Square
1763246232.877659,0.0,0.0,0.036675143452895756,-0.03583538443677908,Square
1763246232.910926,0.0,0.0,0.01429259120977678,-0.014145489968149032,Square
1763246232.9457924,-0.16312056737588648,0.10638297872340428,-0.12382830151825806,0.0731463468451672,Square
1763246232.9790306,-0.20252167060677695,0.14578408195429474,-0.17873308295629964,0.12225566567484587,Square
1763246233.012258,-0.2242512783053323,0.17165814463111762,-0.2067543650015381,0.15290636036396044,Square
1763246233.0454738,-0.2837486054295277,0.13759761993306066,-0.2582403894827353,0.14639582591259157,Square
1763246233.0787067,-0.26410522672204917,0.0,-0.2610423935164192,0.036313411256924485,Square
1763246233.1136396,-0.26410522672204917,0.0,-0.26231951009563054,0.01440010738075067,Square
1763246233.1468523,-0.2793784396244739,0.0,-0.2704873589641013,0.007250787402179991,Square
1763246233.1801445,-0.2793784396244739,0.0,-0.27447421416758516,0.0040383476601979,Square
1763246233.213475,-0.2793784396244739,-0.10683068954354157,-0.2765492279703721,-0.07473492645815172,Square
1763246233.24666,-0.2887253261960522,-0.14386082301773165,-0.2821137603125713,-0.1208812534668446,Square
1763246233.2823756,-0.24302246426140225,-0.21443158611300198,-0.2608535557145153,-0.1855363422295124,Square
1763246233.315853,-0.2242512783053323,-0.33966398831263694,-0.24017639893743223,-0.30419008024485317,Square
